{"type":"FeatureCollection","name":"oa_summary","features":[{"type":"Feature","properties":{"area_id":"E00125432","people":289,"households":124,"cars_owned":170,"baseline_cars":105,"cars_activated":27,"cars_saved":78,"people_seated":285,"people_unmet":4,"unmet_pct":1.38,"mean_occupancy":4.96,"median_walk_m":66.2},"geometry":{"type":"Polygon","coordinates":[[[1.352343,51.379847],[1.349765,51.380064],[1.346277,51.380277],[1.346631,51.381646],[1.351046,51.381796],[1.350933,51.3804],[1.351271,51.380071],[1.352426,51.380242],[1.352343,51.379847]]]}},{"type":"Feature","properties":{"area_id":"E00125443","people":317,"households":156,"cars_owned":158,"baseline_cars":115,"cars_activated":83,"cars_saved":32,"people_seated":285,"people_unmet":32,"unmet_pct":10.09,"mean_occupancy":5.0,"median_walk_m":30.6},"geometry":{"type":"Polygon","coordinates":[[[1.337449,51.382486],[1.337518,51.380935],[1.340443,51.380986],[1.340919,51.380747],[1.340475,51.379958],[1.338994,51.379584],[1.338688,51.38013],[1.337747,51.380523],[1.337061,51.380433],[1.336618,51.380837],[1.33606,51.380639],[1.335534,51.380815],[1.335764,51.380963],[1.333699,51.380687],[1.333812,51.381168],[1.33443,51.381314],[1.334154,51.381964],[1.334709,51.382138],[1.334927,51.38162],[1.335514,51.382014],[1.336053,51.381786],[1.335769,51.382577],[1.336522,51.382687],[1.33678,51.382368],[1.337449,51.382486]]]}},{"type":"Feature","properties":{"area_id":"E00125449","people":358,"households":138,"cars_owned":205,"baseline_cars":121,"cars_activated":67,"cars_saved":54,"people_seated":352,"people_unmet":6,"unmet_pct":1.68,"mean_occupancy":4.93,"median_walk_m":27.1},"geometry":{"type":"Polygon","coordinates":[[[1.344268,51.376003],[1.344375,51.375363],[1.341561,51.375407],[1.341955,51.375669],[1.341893,51.376666],[1.343006,51.376693],[1.342906,51.37757],[1.343946,51.377651],[1.344268,51.376003]]]}},{"type":"Feature","properties":{"area_id":"E00125455","people":263,"households":167,"cars_owned":138,"baseline_cars":112,"cars_activated":42,"cars_saved":70,"people_seated":249,"people_unmet":14,"unmet_pct":5.32,"mean_occupancy":4.83,"median_walk_m":36.2},"geometry":{"type":"Polygon","coordinates":[[[1.337035,51.385357],[1.338244,51.384791],[1.340617,51.384418],[1.341557,51.383807],[1.341036,51.383546],[1.339269,51.383476],[1.338781,51.38361],[1.338752,51.384099],[1.33798,51.383876],[1.338113,51.38362],[1.337911,51.383853],[1.336347,51.383823],[1.336847,51.385445],[1.337035,51.385357]]]}},{"type":"Feature","properties":{"area_id":"E00125456","people":313,"households":173,"cars_owned":173,"baseline_cars":131,"cars_activated":49,"cars_saved":82,"people_seated":308,"people_unmet":5,"unmet_pct":1.6,"mean_occupancy":5.0,"median_walk_m":36.5},"geometry":{"type":"Polygon","coordinates":[[[1.339514,51.385185],[1.340901,51.384832],[1.342611,51.384743],[1.34508,51.38511],[1.345194,51.385127],[1.345109,51.383989],[1.344646,51.383841],[1.3445,51.383147],[1.343136,51.383262],[1.342569,51.384394],[1.342104,51.383366],[1.341709,51.383378],[1.341557,51.383807],[1.340617,51.384418],[1.338244,51.384791],[1.337035,51.385357],[1.337906,51.385572],[1.339443,51.385057],[1.339514,51.385185]]]}},{"type":"Feature","properties":{"area_id":"E00125461","people":246,"households":130,"cars_owned":147,"baseline_cars":96,"cars_activated":21,"cars_saved":75,"people_seated":244,"people_unmet":2,"unmet_pct":0.81,"mean_occupancy":4.81,"median_walk_m":62.8},"geometry":{"type":"Polygon","coordinates":[[[1.333812,51.381168],[1.333699,51.380687],[1.335764,51.380963],[1.335534,51.380815],[1.33606,51.380639],[1.336618,51.380837],[1.337061,51.380433],[1.337747,51.380523],[1.338688,51.38013],[1.338994,51.379584],[1.338942,51.379572],[1.338316,51.379464],[1.338797,51.379121],[1.33767,51.378517],[1.337691,51.379365],[1.334827,51.378968],[1.334234,51.379476],[1.332372,51.379271],[1.332221,51.37869],[1.331607,51.378587],[1.331499,51.379794],[1.331439,51.381219],[1.33228,51.380965],[1.333101,51.381478],[1.333812,51.381168]]]}},{"type":"Feature","properties":{"area_id":"E00166933","people":259,"households":103,"cars_owned":122,"baseline_cars":77,"cars_activated":24,"cars_saved":53,"people_seated":258,"people_unmet":1,"unmet_pct":0.39,"mean_occupancy":4.71,"median_walk_m":68.3},"geometry":{"type":"Polygon","coordinates":[[[1.38891,51.376591],[1.388721,51.376322],[1.388109,51.376416],[1.389175,51.375553],[1.388339,51.374545],[1.387706,51.374581],[1.388197,51.373774],[1.387321,51.373682],[1.386257,51.375537],[1.385808,51.375621],[1.384369,51.377158],[1.384148,51.377447],[1.38517,51.376878],[1.386079,51.377428],[1.386372,51.378315],[1.385391,51.378252],[1.38519,51.378488],[1.386601,51.378734],[1.387121,51.378012],[1.387771,51.37839],[1.388422,51.378278],[1.38891,51.376591]]]}},{"type":"Feature","properties":{"area_id":"E00166939","people":323,"households":130,"cars_owned":246,"baseline_cars":124,"cars_activated":72,"cars_saved":52,"people_seated":322,"people_unmet":1,"unmet_pct":0.31,"mean_occupancy":4.89,"median_walk_m":77.0},"geometry":{"type":"Polygon","coordinates":[[[1.381893,51.347649],[1.384795,51.346223],[1.384686,51.345987],[1.383461,51.342777],[1.380643,51.338954],[1.380468,51.337051],[1.380412,51.336217],[1.379588,51.336176],[1.377561,51.336432],[1.372383,51.336115],[1.36926,51.336223],[1.369523,51.337819],[1.364095,51.338202],[1.364177,51.340517],[1.365218,51.343326],[1.367465,51.344359],[1.366764,51.345203],[1.368231,51.345643],[1.368449,51.345903],[1.367906,51.346376],[1.368741,51.346608],[1.369305,51.347788],[1.370723,51.347266],[1.371631,51.348519],[1.375706,51.347693],[1.380442,51.347448],[1.381893,51.347649]]]}},{"type":"Feature","properties":{"area_id":"E00190187","people":203,"households":119,"cars_owned":122,"baseline_cars":91,"cars_activated":48,"cars_saved":43,"people_seated":188,"people_unmet":15,"unmet_pct":7.39,"mean_occupancy":5.0,"median_walk_m":15.2},"geometry":{"type":"Polygon","coordinates":[[[1.367927,51.385381],[1.368074,51.385205],[1.367159,51.384768],[1.366036,51.385475],[1.367267,51.386155],[1.367927,51.385381]]]}},{"type":"Feature","properties":{"area_id":"E00190213","people":258,"households":126,"cars_owned":148,"baseline_cars":108,"cars_activated":16,"cars_saved":92,"people_seated":257,"people_unmet":1,"unmet_pct":0.39,"mean_occupancy":4.94,"median_walk_m":134.1},"geometry":{"type":"Polygon","coordinates":[[[1.388192,51.365263],[1.391627,51.362488],[1.392479,51.361349],[1.391944,51.361237],[1.391317,51.36217],[1.389234,51.361099],[1.389441,51.361575],[1.388907,51.361434],[1.388538,51.361634],[1.387595,51.361031],[1.385116,51.363258],[1.382042,51.364018],[1.381169,51.36454],[1.380588,51.364284],[1.380971,51.364024],[1.378325,51.359436],[1.37756,51.358952],[1.376974,51.359015],[1.377049,51.358624],[1.373795,51.358135],[1.37247,51.360144],[1.374609,51.363618],[1.375553,51.364324],[1.380414,51.366092],[1.381475,51.369927],[1.384728,51.368956],[1.384319,51.367452],[1.388192,51.365263]]]}},{"type":"Feature","properties":{"area_id":"E00125018","people":287,"households":134,"cars_owned":187,"baseline_cars":119,"cars_activated":72,"cars_saved":47,"people_seated":286,"people_unmet":1,"unmet_pct":0.35,"mean_occupancy":4.88,"median_walk_m":43.6},"geometry":{"type":"Polygon","coordinates":[[[1.431812,51.376589],[1.431432,51.376408],[1.433918,51.375059],[1.434912,51.374595],[1.434949,51.373841],[1.433498,51.373339],[1.433582,51.374003],[1.433209,51.374076],[1.432882,51.373612],[1.432587,51.37376],[1.431746,51.373335],[1.431705,51.374112],[1.429466,51.374214],[1.428412,51.373869],[1.428162,51.374314],[1.429488,51.374575],[1.428893,51.374882],[1.429104,51.375049],[1.430222,51.375813],[1.429055,51.376848],[1.430913,51.377456],[1.431812,51.376589]]]}},{"type":"Feature","properties":{"area_id":"E00125020","people":293,"households":125,"cars_owned":153,"baseline_cars":96,"cars_activated":75,"cars_saved":21,"people_seated":267,"people_unmet":26,"unmet_pct":8.87,"mean_occupancy":5.0,"median_walk_m":35.9},"geometry":{"type":"Polygon","coordinates":[[[1.428227,51.373696],[1.428158,51.372422],[1.428115,51.371997],[1.427244,51.371646],[1.426798,51.371883],[1.426981,51.372186],[1.425268,51.371813],[1.42481,51.372213],[1.424583,51.372593],[1.426712,51.373118],[1.425826,51.373452],[1.425811,51.373753],[1.425503,51.374001],[1.426057,51.374223],[1.426926,51.374035],[1.42728,51.373578],[1.428227,51.373696]]]}},{"type":"Feature","properties":{"area_id":"E00125025","people":287,"households":118,"cars_owned":127,"baseline_cars":85,"cars_activated":36,"cars_saved":49,"people_seated":268,"people_unmet":19,"unmet_pct":6.62,"mean_occupancy":5.0,"median_walk_m":43.0},"geometry":{"type":"Polygon","coordinates":[[[1.428621,51.372219],[1.429205,51.371371],[1.428534,51.371257],[1.428251,51.370748],[1.425931,51.370167],[1.424955,51.370555],[1.423755,51.371889],[1.42481,51.372213],[1.425268,51.371813],[1.426981,51.372186],[1.426798,51.371883],[1.427244,51.371646],[1.428115,51.371997],[1.428158,51.372422],[1.428621,51.372219]]]}},{"type":"Feature","properties":{"area_id":"E00125026","people":368,"households":129,"cars_owned":160,"baseline_cars":98,"cars_activated":52,"cars_saved":46,"people_seated":349,"people_unmet":19,"unmet_pct":5.16,"mean_occupancy":4.81,"median_walk_m":51.2},"geometry":{"type":"Polygon","coordinates":[[[1.423755,51.371889],[1.424955,51.370555],[1.42467,51.369939],[1.423389,51.369603],[1.421572,51.370229],[1.421012,51.370521],[1.421858,51.370741],[1.421974,51.371185],[1.421628,51.371117],[1.420701,51.372279],[1.421658,51.37258],[1.422488,51.371782],[1.423755,51.371889]]]}},{"type":"Feature","properties":{"area_id":"E00125030","people":308,"households":126,"cars_owned":175,"baseline_cars":108,"cars_activated":44,"cars_saved":64,"people_seated":298,"people_unmet":10,"unmet_pct":3.25,"mean_occupancy":4.95,"median_walk_m":55.7},"geometry":{"type":"Polygon","coordinates":[[[1.42341,51.37846],[1.423327,51.37809],[1.421296,51.374846],[1.41793,51.374289],[1.418026,51.373722],[1.418784,51.373664],[1.418983,51.372401],[1.418449,51.371953],[1.418876,51.370547],[1.415762,51.371573],[1.414855,51.371078],[1.407477,51.373633],[1.411332,51.375252],[1.41288,51.376094],[1.416202,51.376689],[1.417313,51.376608],[1.422494,51.379036],[1.42341,51.37846]]]}},{"type":"Feature","properties":{"area_id":"E00125035","people":240,"households":167,"cars_owned":129,"baseline_cars":110,"cars_activated":66,"cars_saved":44,"people_seated":238,"people_unmet":2,"unmet_pct":0.83,"mean_occupancy":5.0,"median_walk_m":23.7},"geometry":{"type":"Polygon","coordinates":[[[1.301933,51.380613],[1.302831,51.380498],[1.302665,51.379812],[1.301765,51.379986],[1.302252,51.378792],[1.301941,51.377834],[1.301235,51.377898],[1.301762,51.377554],[1.299187,51.377419],[1.299487,51.377919],[1.299025,51.378381],[1.299371,51.37876],[1.300219,51.378485],[1.301375,51.379639],[1.300702,51.379685],[1.300974,51.380667],[1.301933,51.380613]]]}},{"type":"Feature","properties":{"area_id":"E00125036","people":307,"households":133,"cars_owned":188,"baseline_cars":112,"cars_activated":81,"cars_saved":31,"people_seated":298,"people_unmet":9,"unmet_pct":2.93,"mean_occupancy":5.0,"median_walk_m":32.8},"geometry":{"type":"Polygon","coordinates":[[[1.293939,51.380049],[1.292162,51.377915],[1.29218,51.377683],[1.293686,51.377332],[1.294614,51.377125],[1.29261,51.376851],[1.290935,51.377463],[1.290994,51.377781],[1.290315,51.377841],[1.290147,51.377476],[1.288135,51.377488],[1.288024,51.377045],[1.287434,51.376863],[1.287832,51.378139],[1.288139,51.378275],[1.288961,51.37848],[1.288815,51.378803],[1.289193,51.37886],[1.290025,51.378832],[1.290045,51.379527],[1.290512,51.379711],[1.292071,51.379065],[1.293032,51.380309],[1.293939,51.380049]]]}},{"type":"Feature","properties":{"area_id":"E00125042","people":264,"households":134,"cars_owned":168,"baseline_cars":111,"cars_activated":32,"cars_saved":79,"people_seated":263,"people_unmet":1,"unmet_pct":0.38,"mean_occupancy":4.78,"median_walk_m":61.1},"geometry":{"type":"Polygon","coordinates":[[[1.299371,51.37876],[1.299025,51.378381],[1.299487,51.377919],[1.299187,51.377419],[1.298519,51.377383],[1.294653,51.377129],[1.294614,51.377125],[1.293686,51.377332],[1.293454,51.377705],[1.295231,51.380042],[1.295798,51.379892],[1.295887,51.37953],[1.295143,51.37884],[1.295518,51.378331],[1.29625,51.378468],[1.296117,51.378831],[1.29664,51.378854],[1.296828,51.379227],[1.298621,51.378635],[1.29891,51.378935],[1.299371,51.37876]]]}},{"type":"Feature","properties":{"area_id":"E00125047","people":352,"households":168,"cars_owned":179,"baseline_cars":126,"cars_activated":92,"cars_saved":34,"people_seated":337,"people_unmet":15,"unmet_pct":4.26,"mean_occupancy":5.0,"median_walk_m":30.1},"geometry":{"type":"Polygon","coordinates":[[[1.303022,51.376882],[1.303754,51.376357],[1.304469,51.376438],[1.303947,51.376175],[1.304983,51.375265],[1.3052,51.375769],[1.306969,51.375717],[1.307495,51.375481],[1.307139,51.374931],[1.306272,51.375044],[1.306276,51.374795],[1.306799,51.374539],[1.306427,51.374163],[1.307292,51.373805],[1.305509,51.373117],[1.304759,51.373122],[1.304257,51.373369],[1.304726,51.373935],[1.303579,51.374636],[1.304367,51.375097],[1.303212,51.376026],[1.303197,51.376692],[1.302387,51.376395],[1.301527,51.376652],[1.301973,51.377185],[1.301762,51.377554],[1.303009,51.37762],[1.302655,51.377181],[1.303022,51.376882]]]}},{"type":"Feature","properties":{"area_id":"E00125054","people":235,"households":120,"cars_owned":146,"baseline_cars":98,"cars_activated":63,"cars_saved":35,"people_seated":231,"people_unmet":4,"unmet_pct":1.7,"mean_occupancy":4.98,"median_walk_m":33.9},"geometry":{"type":"Polygon","coordinates":[[[1.324428,51.376978],[1.325154,51.37369],[1.325569,51.372082],[1.32497,51.371389],[1.323486,51.370328],[1.314654,51.371861],[1.315378,51.373253],[1.314852,51.373038],[1.313864,51.373203],[1.31539,51.373424],[1.314742,51.373775],[1.314166,51.373525],[1.314583,51.374391],[1.313547,51.374888],[1.312941,51.374708],[1.312995,51.375234],[1.31231,51.37559],[1.31265,51.375792],[1.315559,51.375358],[1.316291,51.374835],[1.316536,51.375732],[1.315375,51.376283],[1.315992,51.37691],[1.315744,51.3772],[1.316845,51.377475],[1.324255,51.378074],[1.324428,51.376978]]]}},{"type":"Feature","properties":{"area_id":"E00125061","people":323,"households":122,"cars_owned":166,"baseline_cars":100,"cars_activated":58,"cars_saved":42,"people_seated":322,"people_unmet":1,"unmet_pct":0.31,"mean_occupancy":4.86,"median_walk_m":42.6},"geometry":{"type":"Polygon","coordinates":[[[1.295881,51.373761],[1.297095,51.373292],[1.295513,51.371682],[1.297631,51.369954],[1.299747,51.370045],[1.300016,51.370435],[1.301355,51.370445],[1.301413,51.37078],[1.302226,51.370908],[1.299935,51.369383],[1.30095,51.368956],[1.300703,51.368714],[1.300131,51.368875],[1.29949,51.368177],[1.302519,51.366117],[1.302802,51.36558],[1.302896,51.364027],[1.302362,51.362546],[1.296678,51.363133],[1.29547,51.363504],[1.295026,51.363114],[1.291485,51.363946],[1.291022,51.36411],[1.291644,51.364516],[1.291401,51.364739],[1.290989,51.364701],[1.289666,51.365485],[1.289638,51.365824],[1.286516,51.367318],[1.284682,51.369518],[1.283954,51.36953],[1.284136,51.369914],[1.283661,51.370399],[1.281745,51.37022],[1.281596,51.369788],[1.280731,51.369547],[1.280081,51.370212],[1.276072,51.370979],[1.274515,51.370609],[1.273134,51.369462],[1.271451,51.370771],[1.26922,51.371009],[1.268762,51.372172],[1.265856,51.371679],[1.265355,51.372029],[1.265277,51.373077],[1.263606,51.374185],[1.262561,51.373977],[1.262204,51.373516],[1.262517,51.372952],[1.263798,51.372219],[1.263856,51.371559],[1.262497,51.371338],[1.260642,51.371766],[1.259785,51.37249],[1.259731,51.372999],[1.260983,51.374186],[1.285853,51.376144],[1.29261,51.376851],[1.294614,51.377125],[1.294653,51.377129],[1.294528,51.376576],[1.294969,51.376302],[1.293972,51.374631],[1.295881,51.373761]]]}},{"type":"Feature","properties":{"area_id":"E00125073","people":201,"households":106,"cars_owned":135,"baseline_cars":90,"cars_activated":44,"cars_saved":46,"people_seated":200,"people_unmet":1,"unmet_pct":0.5,"mean_occupancy":4.93,"median_walk_m":56.2},"geometry":{"type":"Polygon","coordinates":[[[1.445419,51.366589],[1.445313,51.366306],[1.445302,51.362982],[1.445657,51.360307],[1.444881,51.360273],[1.444458,51.36075],[1.444519,51.361797],[1.44502,51.361792],[1.444905,51.362038],[1.44438,51.361978],[1.443611,51.362995],[1.442852,51.362202],[1.442442,51.362278],[1.442652,51.362977],[1.441914,51.362981],[1.442652,51.365381],[1.443957,51.365369],[1.444085,51.366664],[1.445419,51.366589]]]}},{"type":"Feature","properties":{"area_id":"E00125079","people":198,"households":112,"cars_owned":74,"baseline_cars":59,"cars_activated":24,"cars_saved":35,"people_seated":189,"people_unmet":9,"unmet_pct":4.55,"mean_occupancy":4.83,"median_walk_m":58.0},"geometry":{"type":"Polygon","coordinates":[[[1.441506,51.361479],[1.44152,51.360936],[1.441158,51.361028],[1.44082,51.360563],[1.440129,51.360831],[1.439678,51.360527],[1.439705,51.360139],[1.440968,51.360002],[1.441283,51.359722],[1.440408,51.359773],[1.439826,51.359343],[1.43805,51.359692],[1.438826,51.360591],[1.438584,51.361341],[1.439356,51.361208],[1.44047,51.361674],[1.441506,51.361479]]]}},{"type":"Feature","properties":{"area_id":"E00125088","people":338,"households":122,"cars_owned":163,"baseline_cars":104,"cars_activated":86,"cars_saved":18,"people_seated":325,"people_unmet":13,"unmet_pct":3.85,"mean_occupancy":5.0,"median_walk_m":28.9},"geometry":{"type":"Polygon","coordinates":[[[1.408523,51.340733],[1.408033,51.339875],[1.408466,51.339704],[1.408291,51.338906],[1.409487,51.339158],[1.410213,51.338658],[1.411126,51.338722],[1.411323,51.338439],[1.411839,51.338181],[1.411585,51.338045],[1.410461,51.338117],[1.410612,51.338347],[1.409788,51.338178],[1.410731,51.33784],[1.409953,51.337271],[1.408015,51.337433],[1.407263,51.338301],[1.406457,51.33831],[1.407207,51.339882],[1.407019,51.340461],[1.404899,51.340943],[1.406689,51.341602],[1.408523,51.340733]]]}},{"type":"Feature","properties":{"area_id":"E00125093","people":281,"households":146,"cars_owned":117,"baseline_cars":89,"cars_activated":63,"cars_saved":26,"people_seated":270,"people_unmet":11,"unmet_pct":3.91,"mean_occupancy":5.0,"median_walk_m":34.5},"geometry":{"type":"Polygon","coordinates":[[[1.415559,51.337544],[1.415964,51.336601],[1.41492,51.336525],[1.415125,51.335732],[1.414284,51.33566],[1.41342,51.335001],[1.412849,51.336375],[1.41381,51.336539],[1.414214,51.336302],[1.414614,51.336587],[1.41304,51.337111],[1.412715,51.337634],[1.413485,51.338394],[1.414267,51.338353],[1.414566,51.338688],[1.415559,51.337544]]]}},{"type":"Feature","properties":{"area_id":"E00125099","people":199,"households":107,"cars_owned":91,"baseline_cars":68,"cars_activated":43,"cars_saved":25,"people_seated":175,"people_unmet":24,"unmet_pct":12.06,"mean_occupancy":5.0,"median_walk_m":33.0},"geometry":{"type":"Polygon","coordinates":[[[1.414644,51.334182],[1.414056,51.333742],[1.414886,51.333162],[1.414488,51.33305],[1.413783,51.333561],[1.413274,51.333056],[1.412599,51.333185],[1.412866,51.333422],[1.412277,51.333482],[1.411961,51.333911],[1.413179,51.334765],[1.414644,51.334182]]]}},{"type":"Feature","properties":{"area_id":"E00125104","people":362,"households":159,"cars_owned":170,"baseline_cars":117,"cars_activated":80,"cars_saved":37,"people_seated":338,"people_unmet":24,"unmet_pct":6.63,"mean_occupancy":5.0,"median_walk_m":22.0},"geometry":{"type":"Polygon","coordinates":[[[1.407008,51.33409],[1.407738,51.333722],[1.407435,51.333087],[1.407963,51.33292],[1.407976,51.332365],[1.409547,51.332617],[1.409744,51.332317],[1.408784,51.332],[1.408722,51.331532],[1.407981,51.331258],[1.407203,51.331347],[1.406704,51.332039],[1.405675,51.33423],[1.406541,51.333603],[1.407008,51.33409]]]}},{"type":"Feature","properties":{"area_id":"E00125119","people":373,"households":155,"cars_owned":198,"baseline_cars":129,"cars_activated":62,"cars_saved":67,"people_seated":371,"people_unmet":2,"unmet_pct":0.54,"mean_occupancy":4.97,"median_walk_m":32.2},"geometry":{"type":"Polygon","coordinates":[[[1.406679,51.331065],[1.40656,51.330112],[1.405654,51.329837],[1.405823,51.329466],[1.405302,51.329391],[1.404952,51.32973],[1.40371,51.329433],[1.403122,51.329662],[1.40267,51.329463],[1.401897,51.330736],[1.401093,51.331059],[1.401982,51.331623],[1.402245,51.331642],[1.402493,51.331211],[1.404306,51.331254],[1.40444,51.330705],[1.404083,51.330545],[1.406679,51.331065]]]}},{"type":"Feature","properties":{"area_id":"E00125122","people":271,"households":123,"cars_owned":197,"baseline_cars":115,"cars_activated":46,"cars_saved":69,"people_seated":265,"people_unmet":6,"unmet_pct":2.21,"mean_occupancy":4.98,"median_walk_m":48.6},"geometry":{"type":"Polygon","coordinates":[[[1.396203,51.330022],[1.395771,51.329139],[1.394198,51.329783],[1.393845,51.32878],[1.393591,51.327974],[1.39448,51.328113],[1.394649,51.32783],[1.393563,51.327522],[1.392208,51.327682],[1.392708,51.328804],[1.391569,51.329017],[1.391192,51.328692],[1.390734,51.328786],[1.391125,51.3295],[1.391607,51.329426],[1.393424,51.330512],[1.396203,51.330022]]]}},{"type":"Feature","properties":{"area_id":"E00125127","people":197,"households":135,"cars_owned":90,"baseline_cars":71,"cars_activated":34,"cars_saved":37,"people_seated":196,"people_unmet":1,"unmet_pct":0.51,"mean_occupancy":4.85,"median_walk_m":39.6},"geometry":{"type":"Polygon","coordinates":[[[1.406679,51.331065],[1.404083,51.330545],[1.40444,51.330705],[1.404306,51.331254],[1.402493,51.331211],[1.402245,51.331642],[1.404605,51.33185],[1.406413,51.332013],[1.406679,51.331065]]]}},{"type":"Feature","properties":{"area_id":"E00125142","people":219,"households":133,"cars_owned":108,"baseline_cars":78,"cars_activated":40,"cars_saved":38,"people_seated":212,"people_unmet":7,"unmet_pct":3.2,"mean_occupancy":4.95,"median_walk_m":59.8},"geometry":{"type":"Polygon","coordinates":[[[1.425019,51.388182],[1.424021,51.386833],[1.423201,51.386141],[1.42223,51.384754],[1.420858,51.385554],[1.421028,51.38579],[1.421622,51.385714],[1.422416,51.386751],[1.421583,51.387308],[1.42173,51.387708],[1.422492,51.387807],[1.422361,51.38848],[1.423072,51.388589],[1.423531,51.389232],[1.424145,51.389139],[1.424548,51.388616],[1.425308,51.388593],[1.425019,51.388182]]]}},{"type":"Feature","properties":{"area_id":"E00125147","people":281,"households":129,"cars_owned":163,"baseline_cars":111,"cars_activated":53,"cars_saved":58,"people_seated":276,"people_unmet":5,"unmet_pct":1.78,"mean_occupancy":4.89,"median_walk_m":34.4},"geometry":{"type":"Polygon","coordinates":[[[1.426381,51.386207],[1.425966,51.385639],[1.425429,51.38582],[1.425342,51.385517],[1.425968,51.384708],[1.426453,51.384683],[1.426678,51.384369],[1.425859,51.384216],[1.425329,51.383518],[1.424196,51.384185],[1.424298,51.38451],[1.42336,51.384672],[1.423948,51.385137],[1.423399,51.385448],[1.423585,51.385692],[1.424068,51.385577],[1.424438,51.38616],[1.423201,51.386141],[1.424021,51.386833],[1.426381,51.386207]]]}},{"type":"Feature","properties":{"area_id":"E00125171","people":435,"households":197,"cars_owned":110,"baseline_cars":89,"cars_activated":77,"cars_saved":12,"people_seated":367,"people_unmet":68,"unmet_pct":15.63,"mean_occupancy":5.0,"median_walk_m":31.3},"geometry":{"type":"Polygon","coordinates":[[[1.400002,51.387683],[1.399256,51.387592],[1.399291,51.388002],[1.398309,51.388145],[1.397659,51.388295],[1.39836,51.388651],[1.398025,51.39007],[1.398184,51.390409],[1.399592,51.390569],[1.400156,51.390633],[1.400447,51.390233],[1.400002,51.387683]]]}},{"type":"Feature","properties":{"area_id":"E00125190","people":373,"households":134,"cars_owned":146,"baseline_cars":99,"cars_activated":60,"cars_saved":39,"people_seated":312,"people_unmet":61,"unmet_pct":16.35,"mean_occupancy":4.88,"median_walk_m":42.8},"geometry":{"type":"Polygon","coordinates":[[[1.4136,51.376837],[1.412403,51.377123],[1.412285,51.376478],[1.411577,51.376112],[1.410999,51.376668],[1.411544,51.376871],[1.411453,51.377145],[1.409939,51.377518],[1.41035,51.377846],[1.410839,51.377667],[1.411421,51.378513],[1.412551,51.378386],[1.412727,51.378678],[1.412306,51.378772],[1.412362,51.379395],[1.412063,51.379394],[1.413257,51.379572],[1.413387,51.379231],[1.414371,51.378952],[1.415253,51.379207],[1.4136,51.376837]]]}},{"type":"Feature","properties":{"area_id":"E00125195","people":235,"households":94,"cars_owned":61,"baseline_cars":41,"cars_activated":32,"cars_saved":9,"people_seated":219,"people_unmet":16,"unmet_pct":6.81,"mean_occupancy":5.0,"median_walk_m":56.3},"geometry":{"type":"Polygon","coordinates":[[[1.411332,51.375252],[1.407477,51.373633],[1.404399,51.374694],[1.404775,51.375372],[1.405902,51.375224],[1.407902,51.375046],[1.408992,51.375768],[1.409653,51.376056],[1.410506,51.375938],[1.411332,51.375252]]]}},{"type":"Feature","properties":{"area_id":"E00125196","people":336,"households":124,"cars_owned":164,"baseline_cars":105,"cars_activated":56,"cars_saved":49,"people_seated":332,"people_unmet":4,"unmet_pct":1.19,"mean_occupancy":4.98,"median_walk_m":35.0},"geometry":{"type":"Polygon","coordinates":[[[1.400031,51.382599],[1.399647,51.382603],[1.400118,51.382027],[1.39879,51.381611],[1.399291,51.381112],[1.399005,51.380832],[1.396171,51.379658],[1.395834,51.379784],[1.396431,51.381016],[1.396808,51.38127],[1.396949,51.380988],[1.39787,51.381046],[1.397489,51.381722],[1.39855,51.381856],[1.397459,51.382483],[1.397902,51.38248],[1.397996,51.382811],[1.398391,51.382529],[1.398908,51.382696],[1.399139,51.383116],[1.3985,51.384036],[1.39891,51.384319],[1.400179,51.382919],[1.400031,51.382599]]]}},{"type":"Feature","properties":{"area_id":"E00125201","people":350,"households":138,"cars_owned":151,"baseline_cars":113,"cars_activated":38,"cars_saved":75,"people_seated":304,"people_unmet":46,"unmet_pct":13.14,"mean_occupancy":4.97,"median_walk_m":40.8},"geometry":{"type":"Polygon","coordinates":[[[1.397489,51.381722],[1.39787,51.381046],[1.396949,51.380988],[1.396808,51.38127],[1.396431,51.381016],[1.395702,51.381099],[1.395105,51.3818],[1.39596,51.382135],[1.39513,51.383029],[1.395469,51.383201],[1.396129,51.383382],[1.397489,51.381722]]]}},{"type":"Feature","properties":{"area_id":"E00125214","people":281,"households":117,"cars_owned":135,"baseline_cars":86,"cars_activated":70,"cars_saved":16,"people_seated":254,"people_unmet":27,"unmet_pct":9.61,"mean_occupancy":5.0,"median_walk_m":25.0},"geometry":{"type":"Polygon","coordinates":[[[1.417319,51.341871],[1.416843,51.340742],[1.4176,51.341008],[1.417765,51.34144],[1.418134,51.340956],[1.418726,51.340705],[1.418796,51.340014],[1.418338,51.340084],[1.417945,51.339031],[1.417323,51.339173],[1.417016,51.338866],[1.417004,51.339219],[1.416502,51.339118],[1.415595,51.339595],[1.415892,51.340099],[1.416322,51.340829],[1.415217,51.341071],[1.416035,51.341925],[1.417319,51.341871]]]}},{"type":"Feature","properties":{"area_id":"E00125228","people":234,"households":140,"cars_owned":41,"baseline_cars":34,"cars_activated":17,"cars_saved":17,"people_seated":202,"people_unmet":32,"unmet_pct":13.68,"mean_occupancy":5.0,"median_walk_m":33.1},"geometry":{"type":"Polygon","coordinates":[[[1.42353,51.335955],[1.423282,51.335732],[1.422137,51.336088],[1.421713,51.336358],[1.422121,51.336545],[1.421589,51.33678],[1.421992,51.337003],[1.422991,51.336786],[1.422322,51.33652],[1.42353,51.335955]]]}},{"type":"Feature","properties":{"area_id":"E00125243","people":274,"households":104,"cars_owned":126,"baseline_cars":79,"cars_activated":33,"cars_saved":46,"people_seated":271,"people_unmet":3,"unmet_pct":1.09,"mean_occupancy":4.85,"median_walk_m":50.8},"geometry":{"type":"Polygon","coordinates":[[[1.369058,51.380797],[1.370325,51.380229],[1.37259,51.379921],[1.371516,51.378557],[1.36686,51.376732],[1.364805,51.379059],[1.364581,51.379405],[1.367198,51.380035],[1.367759,51.38023],[1.368052,51.380922],[1.368847,51.381008],[1.369058,51.380797]]]}},{"type":"Feature","properties":{"area_id":"E00125251","people":474,"households":217,"cars_owned":125,"baseline_cars":98,"cars_activated":89,"cars_saved":9,"people_seated":386,"people_unmet":88,"unmet_pct":18.57,"mean_occupancy":5.0,"median_walk_m":59.3},"geometry":{"type":"Polygon","coordinates":[[[1.38069,51.387613],[1.381035,51.387459],[1.381607,51.38782],[1.382588,51.387855],[1.382564,51.387729],[1.382584,51.387018],[1.384257,51.386907],[1.384232,51.386179],[1.383159,51.385685],[1.383289,51.385501],[1.381905,51.385429],[1.38176,51.38568],[1.380949,51.385518],[1.381656,51.383085],[1.38116,51.383266],[1.380728,51.385198],[1.380319,51.385323],[1.380706,51.386131],[1.380152,51.386534],[1.380528,51.386637],[1.380232,51.387096],[1.379575,51.386374],[1.379204,51.386741],[1.379019,51.387031],[1.37832,51.386907],[1.379293,51.388012],[1.379861,51.387418],[1.38069,51.387613]]]}},{"type":"Feature","properties":{"area_id":"E00125261","people":365,"households":156,"cars_owned":132,"baseline_cars":100,"cars_activated":50,"cars_saved":50,"people_seated":334,"people_unmet":31,"unmet_pct":8.49,"mean_occupancy":4.96,"median_walk_m":44.9},"geometry":{"type":"Polygon","coordinates":[[[1.386378,51.384548],[1.386757,51.384065],[1.385891,51.383736],[1.386387,51.38343],[1.385663,51.383299],[1.385989,51.383097],[1.385729,51.382924],[1.386996,51.382579],[1.386127,51.381986],[1.386194,51.38229],[1.384351,51.382572],[1.384457,51.382799],[1.383156,51.383475],[1.383059,51.383581],[1.383854,51.383946],[1.384775,51.384624],[1.384101,51.384986],[1.384442,51.385221],[1.385089,51.385053],[1.384959,51.383954],[1.385348,51.383862],[1.386378,51.384548]]]}},{"type":"Feature","properties":{"area_id":"E00125293","people":466,"households":151,"cars_owned":164,"baseline_cars":114,"cars_activated":81,"cars_saved":33,"people_seated":431,"people_unmet":35,"unmet_pct":7.51,"mean_occupancy":4.95,"median_walk_m":46.0},"geometry":{"type":"Polygon","coordinates":[[[1.391891,51.347433],[1.392386,51.346485],[1.39299,51.346337],[1.392891,51.345306],[1.392455,51.345402],[1.392027,51.345398],[1.392006,51.345711],[1.391178,51.345454],[1.390747,51.345841],[1.390128,51.34564],[1.389801,51.346004],[1.388253,51.346255],[1.388323,51.346756],[1.38925,51.346583],[1.390157,51.346892],[1.390277,51.347701],[1.391067,51.347738],[1.391545,51.347442],[1.391169,51.346859],[1.391746,51.346655],[1.391891,51.347433]]]}},{"type":"Feature","properties":{"area_id":"E00125299","people":411,"households":177,"cars_owned":186,"baseline_cars":119,"cars_activated":58,"cars_saved":61,"people_seated":405,"people_unmet":6,"unmet_pct":1.46,"mean_occupancy":4.84,"median_walk_m":52.2},"geometry":{"type":"Polygon","coordinates":[[[1.395747,51.343456],[1.396192,51.343269],[1.395841,51.342415],[1.397655,51.341886],[1.398766,51.340975],[1.399276,51.340052],[1.4014,51.340274],[1.402777,51.337664],[1.401848,51.337188],[1.400312,51.33749],[1.400307,51.338219],[1.396274,51.338906],[1.396023,51.339631],[1.391897,51.340542],[1.392095,51.341981],[1.392447,51.342541],[1.393685,51.343211],[1.393513,51.343554],[1.394256,51.343929],[1.393874,51.344013],[1.394603,51.344359],[1.395747,51.343456]]]}},{"type":"Feature","properties":{"area_id":"E00125300","people":372,"households":140,"cars_owned":128,"baseline_cars":95,"cars_activated":74,"cars_saved":21,"people_seated":335,"people_unmet":37,"unmet_pct":9.95,"mean_occupancy":5.0,"median_walk_m":45.0},"geometry":{"type":"Polygon","coordinates":[[[1.408622,51.342314],[1.406689,51.341602],[1.404899,51.340943],[1.403219,51.340456],[1.402133,51.341944],[1.402707,51.343021],[1.40381,51.343461],[1.405703,51.342481],[1.405958,51.343158],[1.40535,51.343911],[1.407807,51.344333],[1.407428,51.344147],[1.408481,51.343517],[1.408622,51.342314]]]}},{"type":"Feature","properties":{"area_id":"E00125305","people":322,"households":126,"cars_owned":168,"baseline_cars":108,"cars_activated":46,"cars_saved":62,"people_seated":320,"people_unmet":2,"unmet_pct":0.62,"mean_occupancy":5.0,"median_walk_m":57.1},"geometry":{"type":"Polygon","coordinates":[[[1.40211,51.352606],[1.402524,51.351577],[1.403227,51.351385],[1.40287,51.35103],[1.403142,51.350781],[1.402737,51.350328],[1.402384,51.350423],[1.402005,51.3501],[1.401332,51.350278],[1.401292,51.34972],[1.400361,51.349654],[1.399896,51.348963],[1.399032,51.349122],[1.395509,51.348763],[1.392518,51.348693],[1.392969,51.351252],[1.396306,51.352387],[1.39848,51.352063],[1.399312,51.352047],[1.400296,51.351497],[1.401179,51.352804],[1.40211,51.352606]]]}},{"type":"Feature","properties":{"area_id":"E00125306","people":270,"households":119,"cars_owned":145,"baseline_cars":92,"cars_activated":77,"cars_saved":15,"people_seated":264,"people_unmet":6,"unmet_pct":2.22,"mean_occupancy":5.0,"median_walk_m":33.0},"geometry":{"type":"Polygon","coordinates":[[[1.407294,51.349485],[1.406874,51.349191],[1.407382,51.348807],[1.406837,51.348621],[1.406428,51.348852],[1.406465,51.348357],[1.406008,51.348209],[1.4076,51.346238],[1.407181,51.346105],[1.406173,51.346608],[1.405218,51.347761],[1.405335,51.348974],[1.404207,51.350276],[1.405043,51.350684],[1.405324,51.350429],[1.405827,51.350665],[1.407294,51.349485]]]}},{"type":"Feature","properties":{"area_id":"E00125318","people":327,"households":121,"cars_owned":158,"baseline_cars":97,"cars_activated":40,"cars_saved":57,"people_seated":324,"people_unmet":3,"unmet_pct":0.92,"mean_occupancy":4.78,"median_walk_m":59.5},"geometry":{"type":"Polygon","coordinates":[[[1.401964,51.344436],[1.402588,51.344196],[1.4022,51.34354],[1.402707,51.343021],[1.402133,51.341944],[1.403219,51.340456],[1.4014,51.340274],[1.398995,51.343384],[1.398703,51.344977],[1.399193,51.345028],[1.39956,51.344068],[1.401964,51.344436]]]}},{"type":"Feature","properties":{"area_id":"E00125324","people":308,"households":137,"cars_owned":161,"baseline_cars":106,"cars_activated":79,"cars_saved":27,"people_seated":264,"people_unmet":44,"unmet_pct":14.29,"mean_occupancy":5.0,"median_walk_m":27.3},"geometry":{"type":"Polygon","coordinates":[[[1.42859,51.362479],[1.429956,51.361408],[1.431693,51.361431],[1.432043,51.360439],[1.429683,51.360853],[1.428121,51.360597],[1.426508,51.360748],[1.426631,51.36114],[1.425927,51.361452],[1.427507,51.362771],[1.42859,51.362479]]]}},{"type":"Feature","properties":{"area_id":"E00125331","people":315,"households":127,"cars_owned":180,"baseline_cars":111,"cars_activated":66,"cars_saved":45,"people_seated":304,"people_unmet":11,"unmet_pct":3.49,"mean_occupancy":4.85,"median_walk_m":74.8},"geometry":{"type":"Polygon","coordinates":[[[1.414855,51.371078],[1.408427,51.368207],[1.414081,51.364822],[1.415565,51.363596],[1.416244,51.362987],[1.412252,51.361287],[1.408321,51.36042],[1.408415,51.35986],[1.409331,51.359661],[1.408924,51.358766],[1.407572,51.358986],[1.407237,51.359543],[1.406319,51.35842],[1.407184,51.358119],[1.406202,51.358272],[1.405972,51.357981],[1.40587,51.357857],[1.40407,51.358656],[1.403443,51.358636],[1.39867,51.35736],[1.397846,51.357813],[1.39773,51.357502],[1.397254,51.357365],[1.394682,51.357844],[1.392962,51.360835],[1.392092,51.362531],[1.394968,51.363986],[1.397219,51.36687],[1.401073,51.370115],[1.402907,51.371364],[1.407477,51.373633],[1.414855,51.371078]]]}},{"type":"Feature","properties":{"area_id":"E00125344","people":345,"households":159,"cars_owned":189,"baseline_cars":114,"cars_activated":63,"cars_saved":51,"people_seated":330,"people_unmet":15,"unmet_pct":4.35,"mean_occupancy":4.9,"median_walk_m":27.6},"geometry":{"type":"Polygon","coordinates":[[[1.418248,51.359029],[1.418329,51.359207],[1.418834,51.358989],[1.41781,51.356766],[1.41714,51.356274],[1.41621,51.356497],[1.415634,51.35623],[1.413613,51.357771],[1.413895,51.358038],[1.413397,51.35883],[1.414215,51.35937],[1.416074,51.358355],[1.415587,51.357943],[1.417385,51.357141],[1.418248,51.359029]]]}},{"type":"Feature","properties":{"area_id":"E00125353","people":318,"households":123,"cars_owned":162,"baseline_cars":100,"cars_activated":62,"cars_saved":38,"people_seated":309,"people_unmet":9,"unmet_pct":2.83,"mean_occupancy":4.89,"median_walk_m":45.9},"geometry":{"type":"Polygon","coordinates":[[[1.377023,51.384143],[1.381392,51.382638],[1.380412,51.381509],[1.37976,51.381611],[1.379805,51.382392],[1.378357,51.382233],[1.378488,51.381751],[1.377843,51.381483],[1.378018,51.381249],[1.376897,51.380859],[1.376211,51.381663],[1.374576,51.383469],[1.373273,51.383913],[1.374529,51.384899],[1.377023,51.384143]]]}},{"type":"Feature","properties":{"area_id":"E00125359","people":274,"households":115,"cars_owned":126,"baseline_cars":83,"cars_activated":54,"cars_saved":29,"people_seated":244,"people_unmet":30,"unmet_pct":10.95,"mean_occupancy":5.0,"median_walk_m":52.5},"geometry":{"type":"Polygon","coordinates":[[[1.392854,51.378683],[1.392187,51.378029],[1.389577,51.379134],[1.391983,51.377543],[1.390496,51.377445],[1.38891,51.376591],[1.388422,51.378278],[1.387771,51.37839],[1.387121,51.378012],[1.386601,51.378734],[1.38519,51.378488],[1.384687,51.378831],[1.386933,51.379096],[1.387484,51.379366],[1.387317,51.379656],[1.388835,51.380074],[1.392854,51.378683]]]}},{"type":"Feature","properties":{"area_id":"E00125384","people":289,"households":126,"cars_owned":199,"baseline_cars":114,"cars_activated":92,"cars_saved":22,"people_seated":280,"people_unmet":9,"unmet_pct":3.11,"mean_occupancy":4.87,"median_walk_m":18.0},"geometry":{"type":"Polygon","coordinates":[[[1.328124,51.331165],[1.323927,51.331949],[1.321115,51.331611],[1.320849,51.331973],[1.318752,51.331565],[1.318276,51.330733],[1.317215,51.330727],[1.315787,51.33047],[1.315501,51.330902],[1.314738,51.331008],[1.314452,51.332062],[1.314914,51.33286],[1.31392,51.333073],[1.313382,51.334229],[1.312704,51.334446],[1.312771,51.33497],[1.313521,51.335156],[1.313587,51.335149],[1.314488,51.334555],[1.314488,51.334779],[1.315185,51.334702],[1.317436,51.335372],[1.319379,51.335087],[1.320085,51.336088],[1.327523,51.335297],[1.326141,51.333935],[1.328124,51.331165]]]}},{"type":"Feature","properties":{"area_id":"E00125400","people":135,"households":76,"cars_owned":77,"baseline_cars":56,"cars_activated":17,"cars_saved":39,"people_seated":132,"people_unmet":3,"unmet_pct":2.22,"mean_occupancy":5.0,"median_walk_m":53.8},"geometry":{"type":"Polygon","coordinates":[[[1.252526,51.352232],[1.251455,51.350985],[1.249282,51.351753],[1.24985,51.353673],[1.250974,51.354173],[1.25244,51.353808],[1.252526,51.352232]]]}},{"type":"Feature","properties":{"area_id":"E00125405","people":223,"households":121,"cars_owned":103,"baseline_cars":79,"cars_activated":59,"cars_saved":20,"people_seated":205,"people_unmet":18,"unmet_pct":8.07,"mean_occupancy":5.0,"median_walk_m":26.2},"geometry":{"type":"Polygon","coordinates":[[[1.440968,51.356613],[1.441023,51.356221],[1.441617,51.356118],[1.441009,51.355289],[1.438365,51.355464],[1.438328,51.355952],[1.438753,51.356344],[1.439525,51.356352],[1.440561,51.357046],[1.440968,51.356613]]]}},{"type":"Feature","properties":{"area_id":"E00125406","people":270,"households":125,"cars_owned":166,"baseline_cars":109,"cars_activated":88,"cars_saved":21,"people_seated":269,"people_unmet":1,"unmet_pct":0.37,"mean_occupancy":4.99,"median_walk_m":28.5},"geometry":{"type":"Polygon","coordinates":[[[1.428978,51.35442],[1.429692,51.353779],[1.429391,51.35332],[1.428918,51.353348],[1.428172,51.353381],[1.428257,51.352681],[1.426826,51.352659],[1.426605,51.353156],[1.423792,51.353288],[1.42396,51.353925],[1.424691,51.354046],[1.425087,51.354611],[1.423612,51.354897],[1.423926,51.355556],[1.424762,51.355354],[1.426318,51.355733],[1.42741,51.354602],[1.428978,51.35442]]]}},{"type":"Feature","properties":{"area_id":"E00125421","people":287,"households":130,"cars_owned":144,"baseline_cars":97,"cars_activated":43,"cars_saved":54,"people_seated":276,"people_unmet":11,"unmet_pct":3.83,"mean_occupancy":4.84,"median_walk_m":52.1},"geometry":{"type":"Polygon","coordinates":[[[1.433592,51.360229],[1.433613,51.360225],[1.433798,51.359566],[1.432916,51.359705],[1.4331,51.358716],[1.432049,51.358645],[1.431622,51.35761],[1.431078,51.357498],[1.430098,51.357835],[1.430805,51.360353],[1.431791,51.359874],[1.432611,51.360024],[1.432664,51.36034],[1.433592,51.360229]]]}},{"type":"Feature","properties":{"area_id":"E00125450","people":324,"households":138,"cars_owned":202,"baseline_cars":124,"cars_activated":48,"cars_saved":76,"people_seated":324,"people_unmet":0,"unmet_pct":0.0,"mean_occupancy":4.81,"median_walk_m":39.3},"geometry":{"type":"Polygon","coordinates":[[[1.340435,51.375398],[1.340362,51.372067],[1.341255,51.369758],[1.334159,51.367508],[1.334149,51.367504],[1.323486,51.370328],[1.32497,51.371389],[1.327184,51.371037],[1.328834,51.370398],[1.329473,51.370033],[1.329366,51.370616],[1.334552,51.37114],[1.33729,51.374705],[1.337881,51.374764],[1.337558,51.376124],[1.338925,51.376246],[1.339461,51.376564],[1.34038,51.375978],[1.340435,51.375398]]]}},{"type":"Feature","properties":{"area_id":"E00190149","people":298,"households":123,"cars_owned":156,"baseline_cars":105,"cars_activated":88,"cars_saved":17,"people_seated":298,"people_unmet":0,"unmet_pct":0.0,"mean_occupancy":4.93,"median_walk_m":37.7},"geometry":{"type":"Polygon","coordinates":[[[1.388907,51.361434],[1.388215,51.360812],[1.388835,51.36072],[1.389815,51.3594],[1.386177,51.359728],[1.377049,51.358624],[1.376974,51.359015],[1.37756,51.358952],[1.378325,51.359436],[1.380971,51.364024],[1.380588,51.364284],[1.381169,51.36454],[1.382042,51.364018],[1.385116,51.363258],[1.387595,51.361031],[1.388538,51.361634],[1.388907,51.361434]]]}},{"type":"Feature","properties":{"area_id":"E00190168","people":219,"households":125,"cars_owned":83,"baseline_cars":69,"cars_activated":28,"cars_saved":41,"people_seated":219,"people_unmet":0,"unmet_pct":0.0,"mean_occupancy":5.0,"median_walk_m":55.1},"geometry":{"type":"Polygon","coordinates":[[[1.419834,51.332067],[1.419802,51.332065],[1.419172,51.331966],[1.418227,51.332789],[1.41794,51.332099],[1.417127,51.332593],[1.416551,51.332366],[1.416867,51.331998],[1.416581,51.331818],[1.416294,51.332015],[1.415113,51.331762],[1.414873,51.331976],[1.415643,51.332133],[1.415281,51.332644],[1.41635,51.333347],[1.417547,51.332784],[1.418531,51.333704],[1.418872,51.333036],[1.420145,51.332629],[1.419834,51.332067]]]}},{"type":"Feature","properties":{"area_id":"E00125113","people":357,"households":136,"cars_owned":241,"baseline_cars":129,"cars_activated":97,"cars_saved":32,"people_seated":357,"people_unmet":0,"unmet_pct":0.0,"mean_occupancy":4.85,"median_walk_m":24.0},"geometry":{"type":"Polygon","coordinates":[[[1.366271,51.330468],[1.365837,51.330426],[1.364705,51.330517],[1.364466,51.329331],[1.363972,51.329356],[1.363924,51.329031],[1.364624,51.329086],[1.36416,51.3286],[1.36442,51.328346],[1.36225,51.327724],[1.360603,51.328015],[1.361114,51.328771],[1.361008,51.329414],[1.36016,51.330361],[1.359544,51.330159],[1.35966,51.330773],[1.36032,51.333496],[1.362968,51.332711],[1.364609,51.332542],[1.365515,51.331586],[1.365335,51.331207],[1.366364,51.330953],[1.366271,51.330468]]]}},{"type":"Feature","properties":{"area_id":"E00125249","people":461,"households":187,"cars_owned":315,"baseline_cars":175,"cars_activated":87,"cars_saved":88,"people_seated":461,"people_unmet":0,"unmet_pct":0.0,"mean_occupancy":4.91,"median_walk_m":63.0},"geometry":{"type":"Polygon","coordinates":[[[1.447984,51.3787],[1.448917,51.378263],[1.449554,51.377479],[1.449499,51.374761],[1.448384,51.372167],[1.448611,51.37031],[1.448135,51.36938],[1.446641,51.368259],[1.44592,51.367717],[1.44462,51.367807],[1.443108,51.368204],[1.443108,51.368594],[1.443704,51.370401],[1.440866,51.370961],[1.438867,51.371364],[1.437982,51.370063],[1.437113,51.370223],[1.437705,51.371191],[1.433801,51.371752],[1.433948,51.371948],[1.434847,51.373414],[1.436997,51.373148],[1.437465,51.373574],[1.436328,51.374503],[1.435776,51.374193],[1.434912,51.374595],[1.433918,51.375059],[1.436278,51.376677],[1.439022,51.377709],[1.441314,51.377271],[1.445513,51.378869],[1.445867,51.378264],[1.447044,51.378401],[1.447984,51.3787]]]}},{"type":"Feature","properties":{"area_id":"E00125394","people":227,"households":120,"cars_owned":117,"baseline_cars":80,"cars_activated":20,"cars_saved":60,"people_seated":227,"people_unmet":0,"unmet_pct":0.0,"mean_occupancy":4.55,"median_walk_m":55.8},"geometry":{"type":"Polygon","coordinates":[[[1.313502,51.338053],[1.314506,51.338002],[1.31427,51.336946],[1.31488,51.336812],[1.313935,51.336089],[1.310732,51.336276],[1.310556,51.335982],[1.309954,51.336557],[1.310806,51.336713],[1.310783,51.337238],[1.310322,51.337441],[1.310918,51.337663],[1.310989,51.337366],[1.31174,51.337154],[1.311947,51.337818],[1.313003,51.337704],[1.313119,51.338075],[1.313502,51.338053]]]}},{"type":"Feature","properties":{"area_id":"E00125448","people":378,"households":132,"cars_owned":193,"baseline_cars":115,"cars_activated":76,"cars_saved":39,"people_seated":370,"people_unmet":8,"unmet_pct":2.12,"mean_occupancy":4.84,"median_walk_m":25.1},"geometry":{"type":"Polygon","coordinates":[[[1.337558,51.376124],[1.337881,51.374764],[1.33729,51.374705],[1.334552,51.37114],[1.332256,51.375169],[1.332237,51.37633],[1.33404,51.376406],[1.33379,51.37683],[1.337227,51.377291],[1.337558,51.376124]]]}},{"type":"Feature","properties":{"area_id":"E00125451","people":282,"households":133,"cars_owned":157,"baseline_cars":109,"cars_activated":55,"cars_saved":54,"people_seated":279,"people_unmet":3,"unmet_pct":1.06,"mean_occupancy":4.91,"median_walk_m":38.9},"geometry":{"type":"Polygon","coordinates":[[[1.329858,51.375802],[1.329046,51.375585],[1.329906,51.375415],[1.330357,51.374953],[1.330479,51.373714],[1.327739,51.374536],[1.327585,51.37481],[1.326804,51.373911],[1.325154,51.37369],[1.324428,51.376978],[1.327354,51.375964],[1.328094,51.376361],[1.329286,51.376104],[1.329107,51.376289],[1.329698,51.376506],[1.330313,51.376064],[1.329858,51.375802]]]}},{"type":"Feature","properties":{"area_id":"E00125460","people":248,"households":133,"cars_owned":160,"baseline_cars":110,"cars_activated":44,"cars_saved":66,"people_seated":244,"people_unmet":4,"unmet_pct":1.61,"mean_occupancy":4.84,"median_walk_m":45.0},"geometry":{"type":"Polygon","coordinates":[[[1.334154,51.381964],[1.33443,51.381314],[1.333812,51.381168],[1.333101,51.381478],[1.33228,51.380965],[1.331439,51.381219],[1.331499,51.379794],[1.330805,51.379808],[1.329873,51.379254],[1.329537,51.380892],[1.328856,51.380898],[1.328719,51.381391],[1.330638,51.381699],[1.330649,51.382143],[1.332138,51.382567],[1.332573,51.382194],[1.333271,51.38251],[1.333577,51.381987],[1.334154,51.381964]]]}},{"type":"Feature","properties":{"area_id":"E00166926","people":406,"households":184,"cars_owned":119,"baseline_cars":85,"cars_activated":40,"cars_saved":45,"people_seated":322,"people_unmet":84,"unmet_pct":20.69,"mean_occupancy":5.0,"median_walk_m":43.1},"geometry":{"type":"Polygon","coordinates":[[[1.398025,51.39007],[1.39836,51.388651],[1.397659,51.388295],[1.398309,51.388145],[1.397287,51.38814],[1.397247,51.387799],[1.396585,51.387959],[1.396912,51.389328],[1.396328,51.389355],[1.395811,51.390739],[1.395778,51.390863],[1.396897,51.390575],[1.397356,51.390077],[1.398025,51.39007]]]}},{"type":"Feature","properties":{"area_id":"E00190152","people":365,"households":125,"cars_owned":128,"baseline_cars":90,"cars_activated":44,"cars_saved":46,"people_seated":351,"people_unmet":14,"unmet_pct":3.84,"mean_occupancy":4.84,"median_walk_m":115.4},"geometry":{"type":"Polygon","coordinates":[[[1.389801,51.346004],[1.389357,51.344419],[1.387367,51.344027],[1.389684,51.343292],[1.391684,51.34194],[1.387922,51.342042],[1.389793,51.341025],[1.391897,51.340542],[1.396023,51.339631],[1.391949,51.339092],[1.38964,51.338786],[1.386368,51.338352],[1.380468,51.337051],[1.380643,51.338954],[1.383461,51.342777],[1.384686,51.345987],[1.387513,51.345355],[1.388253,51.346255],[1.389801,51.346004]]]}},{"type":"Feature","properties":{"area_id":"E00125019","people":401,"households":155,"cars_owned":192,"baseline_cars":117,"cars_activated":86,"cars_saved":31,"people_seated":371,"people_unmet":30,"unmet_pct":7.48,"mean_occupancy":4.95,"median_walk_m":32.0},"geometry":{"type":"Polygon","coordinates":[[[1.426057,51.374223],[1.425503,51.374001],[1.425811,51.373753],[1.422879,51.373158],[1.421564,51.373291],[1.421712,51.373635],[1.420867,51.37443],[1.421296,51.374846],[1.423327,51.37809],[1.423951,51.3752],[1.423271,51.374523],[1.423628,51.374146],[1.425384,51.374521],[1.426057,51.374223]]]}},{"type":"Feature","properties":{"area_id":"E00125021","people":322,"households":117,"cars_owned":171,"baseline_cars":100,"cars_activated":72,"cars_saved":28,"people_seated":298,"people_unmet":24,"unmet_pct":7.45,"mean_occupancy":4.96,"median_walk_m":40.3},"geometry":{"type":"Polygon","coordinates":[[[1.421564,51.373291],[1.419552,51.372783],[1.419673,51.372433],[1.420186,51.372376],[1.418449,51.371953],[1.418983,51.372401],[1.418784,51.373664],[1.418026,51.373722],[1.41793,51.374289],[1.421296,51.374846],[1.420867,51.37443],[1.421712,51.373635],[1.421564,51.373291]]]}},{"type":"Feature","properties":{"area_id":"E00125031","people":295,"households":149,"cars_owned":179,"baseline_cars":114,"cars_activated":98,"cars_saved":16,"people_seated":289,"people_unmet":6,"unmet_pct":2.03,"mean_occupancy":4.94,"median_walk_m":20.0},"geometry":{"type":"Polygon","coordinates":[[[1.288335,51.381378],[1.288093,51.38126],[1.288926,51.380479],[1.289264,51.380882],[1.289505,51.380662],[1.289065,51.380472],[1.289299,51.38022],[1.288046,51.38005],[1.289193,51.37886],[1.288815,51.378803],[1.288961,51.37848],[1.288139,51.378275],[1.288503,51.37863],[1.286929,51.379775],[1.28716,51.380182],[1.286194,51.379814],[1.285747,51.380187],[1.288145,51.38177],[1.288335,51.381378]]]}},{"type":"Feature","properties":{"area_id":"E00125060","people":279,"households":134,"cars_owned":185,"baseline_cars":115,"cars_activated":41,"cars_saved":74,"people_seated":278,"people_unmet":1,"unmet_pct":0.36,"mean_occupancy":4.9,"median_walk_m":42.3},"geometry":{"type":"Polygon","coordinates":[[[1.302261,51.371016],[1.302256,51.370925],[1.302226,51.370908],[1.301413,51.37078],[1.301355,51.370445],[1.300016,51.370435],[1.299747,51.370045],[1.297631,51.369954],[1.295513,51.371682],[1.297095,51.373292],[1.295881,51.373761],[1.299811,51.374151],[1.300424,51.373457],[1.301208,51.373364],[1.301732,51.37381],[1.301379,51.374366],[1.302115,51.374218],[1.302022,51.373682],[1.300668,51.37225],[1.3011,51.372012],[1.300762,51.371723],[1.302261,51.371016]]]}},{"type":"Feature","properties":{"area_id":"E00125065","people":200,"households":115,"cars_owned":135,"baseline_cars":97,"cars_activated":33,"cars_saved":64,"people_seated":193,"people_unmet":7,"unmet_pct":3.5,"mean_occupancy":5.0,"median_walk_m":52.3},"geometry":{"type":"Polygon","coordinates":[[[1.326745,51.378288],[1.324255,51.378074],[1.316845,51.377475],[1.316803,51.377802],[1.317227,51.377888],[1.316781,51.377962],[1.31674,51.378443],[1.323154,51.37929],[1.32791,51.379917],[1.327045,51.379488],[1.326745,51.378288]]]}},{"type":"Feature","properties":{"area_id":"E00125066","people":272,"households":132,"cars_owned":162,"baseline_cars":106,"cars_activated":61,"cars_saved":45,"people_seated":266,"people_unmet":6,"unmet_pct":2.21,"mean_occupancy":5.0,"median_walk_m":50.3},"geometry":{"type":"Polygon","coordinates":[[[1.311267,51.375887],[1.310197,51.376455],[1.310312,51.377016],[1.309122,51.376811],[1.308611,51.376841],[1.308493,51.377157],[1.303022,51.376882],[1.302655,51.377181],[1.303009,51.37762],[1.305582,51.377752],[1.313515,51.378167],[1.313538,51.376347],[1.312686,51.376472],[1.312749,51.377145],[1.312015,51.377513],[1.312057,51.377099],[1.3114,51.377053],[1.311267,51.375887]]]}},{"type":"Feature","properties":{"area_id":"E00125078","people":265,"households":126,"cars_owned":160,"baseline_cars":106,"cars_activated":39,"cars_saved":67,"people_seated":264,"people_unmet":1,"unmet_pct":0.38,"mean_occupancy":4.74,"median_walk_m":48.3},"geometry":{"type":"Polygon","coordinates":[[[1.444458,51.36075],[1.444113,51.360806],[1.442847,51.360772],[1.442399,51.361225],[1.442948,51.361537],[1.441506,51.361479],[1.44047,51.361674],[1.439356,51.361208],[1.438584,51.361341],[1.437924,51.361645],[1.437516,51.362004],[1.438263,51.362912],[1.440022,51.362518],[1.440524,51.362706],[1.441481,51.36192],[1.442442,51.362278],[1.442852,51.362202],[1.443611,51.362995],[1.44438,51.361978],[1.444905,51.362038],[1.44502,51.361792],[1.444519,51.361797],[1.444458,51.36075]]]}},{"type":"Feature","properties":{"area_id":"E00125083","people":248,"households":122,"cars_owned":160,"baseline_cars":104,"cars_activated":34,"cars_saved":70,"people_seated":247,"people_unmet":1,"unmet_pct":0.4,"mean_occupancy":4.94,"median_walk_m":64.0},"geometry":{"type":"Polygon","coordinates":[[[1.441445,51.368132],[1.441393,51.365807],[1.441017,51.365416],[1.440247,51.365413],[1.440174,51.365871],[1.439667,51.365893],[1.4395,51.365396],[1.43899,51.365442],[1.4392,51.365981],[1.43853,51.366355],[1.437892,51.366138],[1.437598,51.365442],[1.437076,51.36575],[1.436879,51.366476],[1.435897,51.367223],[1.4349,51.367478],[1.437835,51.367501],[1.438058,51.368268],[1.44022,51.367818],[1.440104,51.36745],[1.439343,51.367292],[1.43989,51.366691],[1.440413,51.366624],[1.440876,51.368167],[1.441445,51.368132]]]}},{"type":"Feature","properties":{"area_id":"E00125089","people":302,"households":120,"cars_owned":168,"baseline_cars":103,"cars_activated":44,"cars_saved":59,"people_seated":295,"people_unmet":7,"unmet_pct":2.32,"mean_occupancy":4.93,"median_walk_m":49.8},"geometry":{"type":"Polygon","coordinates":[[[1.410891,51.340079],[1.410625,51.33987],[1.411939,51.339491],[1.412077,51.338948],[1.411126,51.338722],[1.410213,51.338658],[1.409487,51.339158],[1.408291,51.338906],[1.408466,51.339704],[1.408033,51.339875],[1.408523,51.340733],[1.409043,51.341229],[1.409443,51.341154],[1.408944,51.340687],[1.410891,51.340079]]]}},{"type":"Feature","properties":{"area_id":"E00125118","people":350,"households":154,"cars_owned":222,"baseline_cars":135,"cars_activated":81,"cars_saved":54,"people_seated":349,"people_unmet":1,"unmet_pct":0.29,"mean_occupancy":4.91,"median_walk_m":50.7},"geometry":{"type":"Polygon","coordinates":[[[1.401982,51.331623],[1.401093,51.331059],[1.401897,51.330736],[1.40267,51.329463],[1.403122,51.329662],[1.40371,51.329433],[1.403081,51.328289],[1.401956,51.328191],[1.399701,51.32817],[1.399692,51.32785],[1.398884,51.327824],[1.398276,51.328159],[1.398319,51.328559],[1.39903,51.328552],[1.398701,51.328905],[1.398023,51.328788],[1.397581,51.329645],[1.398493,51.330132],[1.399115,51.330085],[1.399622,51.330507],[1.399242,51.331415],[1.399457,51.331684],[1.4,51.331627],[1.400147,51.332027],[1.401982,51.331623]]]}},{"type":"Feature","properties":{"area_id":"E00125154","people":407,"households":163,"cars_owned":122,"baseline_cars":93,"cars_activated":94,"cars_saved":-1,"people_seated":363,"people_unmet":44,"unmet_pct":10.81,"mean_occupancy":5.0,"median_walk_m":31.6},"geometry":{"type":"Polygon","coordinates":[[[1.400002,51.387683],[1.400649,51.387441],[1.400545,51.387057],[1.401222,51.387293],[1.40244,51.387064],[1.403015,51.386937],[1.402861,51.386543],[1.401586,51.386814],[1.401227,51.386439],[1.399788,51.386805],[1.398325,51.386559],[1.397697,51.386892],[1.396294,51.386018],[1.395523,51.386078],[1.396957,51.387102],[1.397414,51.38752],[1.396268,51.387778],[1.396399,51.387985],[1.396585,51.387959],[1.397247,51.387799],[1.397287,51.38814],[1.398309,51.388145],[1.399291,51.388002],[1.399256,51.387592],[1.400002,51.387683]]]}},{"type":"Feature","properties":{"area_id":"E00125164","people":328,"households":172,"cars_owned":119,"baseline_cars":99,"cars_activated":40,"cars_saved":59,"people_seated":318,"people_unmet":10,"unmet_pct":3.05,"mean_occupancy":5.0,"median_walk_m":39.2},"geometry":{"type":"Polygon","coordinates":[[[1.403898,51.392021],[1.403966,51.39077],[1.401892,51.390803],[1.401727,51.388861],[1.40106,51.389002],[1.401137,51.390816],[1.399632,51.390878],[1.399017,51.390915],[1.398961,51.392103],[1.401308,51.391992],[1.401242,51.392335],[1.402986,51.392294],[1.403004,51.392294],[1.402933,51.392056],[1.403898,51.392021]]]}},{"type":"Feature","properties":{"area_id":"E00125170","people":397,"households":163,"cars_owned":114,"baseline_cars":87,"cars_activated":58,"cars_saved":29,"people_seated":376,"people_unmet":21,"unmet_pct":5.29,"mean_occupancy":5.0,"median_walk_m":37.0},"geometry":{"type":"Polygon","coordinates":[[[1.403108,51.388703],[1.401727,51.388861],[1.401892,51.390803],[1.403966,51.39077],[1.40394,51.390431],[1.403245,51.390419],[1.403108,51.388703]]]}},{"type":"Feature","properties":{"area_id":"E00125175","people":337,"households":149,"cars_owned":105,"baseline_cars":86,"cars_activated":44,"cars_saved":42,"people_seated":306,"people_unmet":31,"unmet_pct":9.2,"mean_occupancy":4.91,"median_walk_m":47.3},"geometry":{"type":"Polygon","coordinates":[[[1.392279,51.388852],[1.391452,51.388085],[1.389887,51.38839],[1.391407,51.387364],[1.389624,51.387653],[1.389173,51.387475],[1.389293,51.387837],[1.388917,51.387968],[1.389332,51.388945],[1.390188,51.388907],[1.390302,51.388635],[1.390664,51.389122],[1.391361,51.389186],[1.392279,51.388852]]]}},{"type":"Feature","properties":{"area_id":"E00125176","people":325,"households":122,"cars_owned":155,"baseline_cars":102,"cars_activated":71,"cars_saved":31,"people_seated":285,"people_unmet":40,"unmet_pct":12.31,"mean_occupancy":5.0,"median_walk_m":26.7},"geometry":{"type":"Polygon","coordinates":[[[1.39891,51.384319],[1.3985,51.384036],[1.399139,51.383116],[1.398908,51.382696],[1.398391,51.382529],[1.397996,51.382811],[1.397902,51.38248],[1.397459,51.382483],[1.39855,51.381856],[1.397489,51.381722],[1.396129,51.383382],[1.395469,51.383201],[1.395166,51.38351],[1.396177,51.384205],[1.39804,51.38423],[1.398958,51.384362],[1.39891,51.384319]]]}},{"type":"Feature","properties":{"area_id":"E00125184","people":323,"households":130,"cars_owned":145,"baseline_cars":95,"cars_activated":70,"cars_saved":25,"people_seated":288,"people_unmet":35,"unmet_pct":10.84,"mean_occupancy":5.0,"median_walk_m":26.7},"geometry":{"type":"Polygon","coordinates":[[[1.396431,51.381016],[1.395834,51.379784],[1.394038,51.380294],[1.393415,51.379967],[1.391907,51.380713],[1.394092,51.381077],[1.394108,51.381406],[1.394734,51.38171],[1.394239,51.382379],[1.393605,51.382379],[1.393367,51.383029],[1.393978,51.382726],[1.39513,51.383029],[1.39596,51.382135],[1.395105,51.3818],[1.395702,51.381099],[1.396431,51.381016]]]}},{"type":"Feature","properties":{"area_id":"E00125200","people":240,"households":111,"cars_owned":104,"baseline_cars":74,"cars_activated":42,"cars_saved":32,"people_seated":234,"people_unmet":6,"unmet_pct":2.5,"mean_occupancy":4.9,"median_walk_m":45.8},"geometry":{"type":"Polygon","coordinates":[[[1.394059,51.386096],[1.396177,51.384205],[1.395166,51.38351],[1.395469,51.383201],[1.39513,51.383029],[1.393978,51.382726],[1.393367,51.383029],[1.393605,51.382379],[1.394239,51.382379],[1.394734,51.38171],[1.394108,51.381406],[1.392338,51.381201],[1.391506,51.382044],[1.390849,51.382105],[1.393042,51.382963],[1.39215,51.383794],[1.390373,51.384553],[1.39018,51.385224],[1.390724,51.386233],[1.391499,51.387062],[1.391597,51.387074],[1.394059,51.386096]]]}},{"type":"Feature","properties":{"area_id":"E00125206","people":206,"households":124,"cars_owned":52,"baseline_cars":44,"cars_activated":46,"cars_saved":-2,"people_seated":111,"people_unmet":95,"unmet_pct":46.12,"mean_occupancy":5.0,"median_walk_m":11.7},"geometry":{"type":"Polygon","coordinates":[[[1.42353,51.335955],[1.424112,51.335883],[1.42329,51.335195],[1.422437,51.335653],[1.421791,51.335542],[1.421961,51.335784],[1.422137,51.336088],[1.423282,51.335732],[1.42353,51.335955]]]}},{"type":"Feature","properties":{"area_id":"E00125223","people":349,"households":137,"cars_owned":114,"baseline_cars":89,"cars_activated":32,"cars_saved":57,"people_seated":325,"people_unmet":24,"unmet_pct":6.88,"mean_occupancy":4.84,"median_walk_m":36.5},"geometry":{"type":"Polygon","coordinates":[[[1.418796,51.340014],[1.419151,51.339865],[1.41993,51.339518],[1.419777,51.339246],[1.419072,51.339548],[1.41836,51.33913],[1.41848,51.338183],[1.41794,51.337208],[1.417245,51.336999],[1.416096,51.338015],[1.416045,51.33859],[1.416914,51.33861],[1.417016,51.338866],[1.417323,51.339173],[1.417945,51.339031],[1.418338,51.340084],[1.418796,51.340014]]]}},{"type":"Feature","properties":{"area_id":"E00125229","people":344,"households":132,"cars_owned":186,"baseline_cars":112,"cars_activated":103,"cars_saved":9,"people_seated":334,"people_unmet":10,"unmet_pct":2.91,"mean_occupancy":5.0,"median_walk_m":20.8},"geometry":{"type":"Polygon","coordinates":[[[1.354613,51.37822],[1.355055,51.378005],[1.355026,51.378366],[1.355445,51.378341],[1.355731,51.377957],[1.356287,51.377943],[1.356859,51.378013],[1.35698,51.378441],[1.357644,51.378252],[1.357646,51.378249],[1.357609,51.37769],[1.355941,51.377695],[1.35578,51.377183],[1.356798,51.376685],[1.355412,51.376169],[1.35466,51.377039],[1.352501,51.377134],[1.351814,51.376725],[1.351238,51.377081],[1.350871,51.378048],[1.35204,51.377858],[1.351792,51.378474],[1.35214,51.37873],[1.353441,51.378568],[1.3538,51.378195],[1.354613,51.37822]]]}},{"type":"Feature","properties":{"area_id":"E00125232","people":327,"households":122,"cars_owned":156,"baseline_cars":89,"cars_activated":90,"cars_saved":-1,"people_seated":313,"people_unmet":14,"unmet_pct":4.28,"mean_occupancy":5.0,"median_walk_m":59.4},"geometry":{"type":"Polygon","coordinates":[[[1.374075,51.379571],[1.376179,51.378444],[1.373812,51.376695],[1.374931,51.375762],[1.371022,51.374792],[1.369473,51.374012],[1.368675,51.373554],[1.368119,51.374122],[1.367722,51.373909],[1.367801,51.373277],[1.363892,51.372746],[1.363549,51.373183],[1.361627,51.372566],[1.362001,51.372286],[1.36021,51.371812],[1.358346,51.373349],[1.358023,51.374895],[1.358844,51.375246],[1.359765,51.374975],[1.36167,51.375401],[1.363892,51.376289],[1.364465,51.375903],[1.36686,51.376732],[1.371516,51.378557],[1.37259,51.379921],[1.374075,51.379571]]]}},{"type":"Feature","properties":{"area_id":"E00125237","people":324,"households":133,"cars_owned":172,"baseline_cars":112,"cars_activated":39,"cars_saved":73,"people_seated":310,"people_unmet":14,"unmet_pct":4.32,"mean_occupancy":4.9,"median_walk_m":49.6},"geometry":{"type":"Polygon","coordinates":[[[1.36167,51.375401],[1.359765,51.374975],[1.358844,51.375246],[1.358023,51.374895],[1.358346,51.373349],[1.358427,51.37242],[1.35637,51.373637],[1.356715,51.375074],[1.358247,51.375738],[1.357858,51.376211],[1.358214,51.376795],[1.358674,51.376786],[1.358076,51.377397],[1.358773,51.377619],[1.358879,51.37798],[1.359454,51.377645],[1.361792,51.377366],[1.360885,51.376149],[1.36167,51.375401]]]}},{"type":"Feature","properties":{"area_id":"E00125248","people":340,"households":142,"cars_owned":194,"baseline_cars":122,"cars_activated":62,"cars_saved":60,"people_seated":337,"people_unmet":3,"unmet_pct":0.88,"mean_occupancy":4.97,"median_walk_m":30.9},"geometry":{"type":"Polygon","coordinates":[[[1.429737,51.382465],[1.428349,51.381471],[1.428381,51.381118],[1.426496,51.380952],[1.425156,51.380536],[1.425815,51.381348],[1.425185,51.381608],[1.428186,51.384316],[1.428394,51.384497],[1.429348,51.383737],[1.42861,51.383089],[1.429429,51.382923],[1.429737,51.382465]]]}},{"type":"Feature","properties":{"area_id":"E00125250","people":341,"households":144,"cars_owned":221,"baseline_cars":127,"cars_activated":30,"cars_saved":97,"people_seated":340,"people_unmet":1,"unmet_pct":0.29,"mean_occupancy":4.67,"median_walk_m":67.4},"geometry":{"type":"Polygon","coordinates":[[[1.43468,51.387783],[1.43418,51.3877],[1.430522,51.384593],[1.431101,51.384319],[1.431387,51.383706],[1.429737,51.382465],[1.429429,51.382923],[1.42861,51.383089],[1.429348,51.383737],[1.428394,51.384497],[1.429537,51.385485],[1.432994,51.388288],[1.433984,51.389083],[1.434171,51.388638],[1.435009,51.388704],[1.43468,51.387783]]]}},{"type":"Feature","properties":{"area_id":"E00125255","people":416,"households":209,"cars_owned":118,"baseline_cars":101,"cars_activated":81,"cars_saved":20,"people_seated":353,"people_unmet":63,"unmet_pct":15.14,"mean_occupancy":5.0,"median_walk_m":54.3},"geometry":{"type":"Polygon","coordinates":[[[1.381656,51.383085],[1.381704,51.382906],[1.381392,51.382638],[1.377023,51.384143],[1.377312,51.38515],[1.379204,51.386741],[1.379575,51.386374],[1.380232,51.387096],[1.380528,51.386637],[1.380152,51.386534],[1.380706,51.386131],[1.380319,51.385323],[1.380728,51.385198],[1.38116,51.383266],[1.381656,51.383085]]]}},{"type":"Feature","properties":{"area_id":"E00125256","people":220,"households":91,"cars_owned":112,"baseline_cars":71,"cars_activated":54,"cars_saved":17,"people_seated":211,"people_unmet":9,"unmet_pct":4.09,"mean_occupancy":4.93,"median_walk_m":47.0},"geometry":{"type":"Polygon","coordinates":[[[1.390849,51.382105],[1.390454,51.381896],[1.389206,51.382284],[1.388959,51.382469],[1.38931,51.382681],[1.389849,51.382603],[1.390156,51.383116],[1.391432,51.383403],[1.389189,51.384041],[1.389883,51.385229],[1.39018,51.385224],[1.390373,51.384553],[1.39215,51.383794],[1.393042,51.382963],[1.390849,51.382105]]]}},{"type":"Feature","properties":{"area_id":"E00125260","people":368,"households":175,"cars_owned":91,"baseline_cars":73,"cars_activated":56,"cars_saved":17,"people_seated":274,"people_unmet":94,"unmet_pct":25.54,"mean_occupancy":5.0,"median_walk_m":41.4},"geometry":{"type":"Polygon","coordinates":[[[1.381905,51.385429],[1.383059,51.383581],[1.383156,51.383475],[1.382118,51.383529],[1.381704,51.382906],[1.381656,51.383085],[1.380949,51.385518],[1.38176,51.38568],[1.381905,51.385429]]]}},{"type":"Feature","properties":{"area_id":"E00125272","people":340,"households":144,"cars_owned":172,"baseline_cars":113,"cars_activated":102,"cars_saved":11,"people_seated":325,"people_unmet":15,"unmet_pct":4.41,"mean_occupancy":4.99,"median_walk_m":15.5},"geometry":{"type":"Polygon","coordinates":[[[1.404696,51.334543],[1.404814,51.334142],[1.404506,51.333503],[1.403093,51.333415],[1.402858,51.334068],[1.402012,51.334066],[1.402373,51.334869],[1.402038,51.33504],[1.402997,51.335153],[1.403864,51.334888],[1.403963,51.334483],[1.404696,51.334543]]]}},{"type":"Feature","properties":{"area_id":"E00125277","people":420,"households":166,"cars_owned":194,"baseline_cars":127,"cars_activated":53,"cars_saved":74,"people_seated":412,"people_unmet":8,"unmet_pct":1.9,"mean_occupancy":4.96,"median_walk_m":42.6},"geometry":{"type":"Polygon","coordinates":[[[1.402038,51.33504],[1.402373,51.334869],[1.402012,51.334066],[1.402858,51.334068],[1.403093,51.333415],[1.404506,51.333503],[1.404814,51.334142],[1.40536,51.333763],[1.40477,51.333319],[1.404938,51.333091],[1.403781,51.332817],[1.402164,51.33287],[1.401399,51.333192],[1.400867,51.333708],[1.401315,51.335105],[1.400824,51.335355],[1.401549,51.335345],[1.402038,51.33504]]]}},{"type":"Feature","properties":{"area_id":"E00125284","people":236,"households":120,"cars_owned":146,"baseline_cars":101,"cars_activated":29,"cars_saved":72,"people_seated":230,"people_unmet":6,"unmet_pct":2.54,"mean_occupancy":4.9,"median_walk_m":61.9},"geometry":{"type":"Polygon","coordinates":[[[1.39434,51.336982],[1.393989,51.336199],[1.393359,51.335049],[1.39257,51.335643],[1.39199,51.335661],[1.391555,51.335041],[1.390188,51.335347],[1.391367,51.338085],[1.392108,51.338405],[1.39267,51.33829],[1.392127,51.337141],[1.393215,51.33701],[1.393337,51.337253],[1.39434,51.336982]]]}},{"type":"Feature","properties":{"area_id":"E00125298","people":326,"households":128,"cars_owned":162,"baseline_cars":99,"cars_activated":50,"cars_saved":49,"people_seated":319,"people_unmet":7,"unmet_pct":2.15,"mean_occupancy":4.86,"median_walk_m":49.1},"geometry":{"type":"Polygon","coordinates":[[[1.394917,51.345158],[1.39671,51.345235],[1.396385,51.344668],[1.396715,51.344424],[1.395747,51.343456],[1.394603,51.344359],[1.393874,51.344013],[1.394256,51.343929],[1.393513,51.343554],[1.393685,51.343211],[1.392537,51.343544],[1.392022,51.343372],[1.392027,51.345398],[1.392455,51.345402],[1.392488,51.344937],[1.393546,51.344958],[1.393761,51.345202],[1.394724,51.344906],[1.394917,51.345158]]]}},{"type":"Feature","properties":{"area_id":"E00125301","people":262,"households":112,"cars_owned":100,"baseline_cars":72,"cars_activated":55,"cars_saved":17,"people_seated":235,"people_unmet":27,"unmet_pct":10.31,"mean_occupancy":5.0,"median_walk_m":30.6},"geometry":{"type":"Polygon","coordinates":[[[1.401179,51.352804],[1.400296,51.351497],[1.399312,51.352047],[1.39848,51.352063],[1.397755,51.352922],[1.398743,51.353461],[1.400053,51.353038],[1.400791,51.353198],[1.401179,51.352804]]]}},{"type":"Feature","properties":{"area_id":"E00125313","people":351,"households":118,"cars_owned":130,"baseline_cars":82,"cars_activated":59,"cars_saved":23,"people_seated":323,"people_unmet":28,"unmet_pct":7.98,"mean_occupancy":5.0,"median_walk_m":49.6},"geometry":{"type":"Polygon","coordinates":[[[1.406868,51.345673],[1.406634,51.345139],[1.407227,51.344806],[1.405043,51.344428],[1.404718,51.344066],[1.403176,51.346245],[1.403478,51.346627],[1.403668,51.346746],[1.40538,51.345815],[1.406868,51.345673]]]}},{"type":"Feature","properties":{"area_id":"E00125319","people":272,"households":123,"cars_owned":149,"baseline_cars":96,"cars_activated":77,"cars_saved":19,"people_seated":271,"people_unmet":1,"unmet_pct":0.37,"mean_occupancy":4.97,"median_walk_m":29.0},"geometry":{"type":"Polygon","coordinates":[[[1.39867,51.35736],[1.399725,51.356623],[1.402971,51.356322],[1.403049,51.355625],[1.402951,51.355298],[1.402006,51.355064],[1.401061,51.355625],[1.400603,51.35511],[1.400202,51.355403],[1.399234,51.355121],[1.397567,51.356723],[1.398214,51.356953],[1.39773,51.357502],[1.397846,51.357813],[1.39867,51.35736]]]}},{"type":"Feature","properties":{"area_id":"E00125330","people":365,"households":169,"cars_owned":171,"baseline_cars":122,"cars_activated":66,"cars_saved":56,"people_seated":324,"people_unmet":41,"unmet_pct":11.23,"mean_occupancy":5.0,"median_walk_m":36.9},"geometry":{"type":"Polygon","coordinates":[[[1.422746,51.36775],[1.423186,51.36752],[1.422582,51.366815],[1.4232,51.366491],[1.422885,51.366208],[1.421963,51.366274],[1.422151,51.365903],[1.421547,51.36537],[1.420823,51.365846],[1.420238,51.36598],[1.419467,51.365366],[1.419132,51.365484],[1.418935,51.365901],[1.419532,51.366606],[1.419946,51.366909],[1.421537,51.367041],[1.421296,51.367584],[1.421981,51.368152],[1.422746,51.36775]]]}},{"type":"Feature","properties":{"area_id":"E00125335","people":259,"households":110,"cars_owned":141,"baseline_cars":87,"cars_activated":40,"cars_saved":47,"people_seated":242,"people_unmet":17,"unmet_pct":6.56,"mean_occupancy":4.9,"median_walk_m":68.0},"geometry":{"type":"Polygon","coordinates":[[[1.429462,51.36535],[1.429921,51.365021],[1.432088,51.362938],[1.431013,51.362917],[1.430792,51.362638],[1.428937,51.363017],[1.42859,51.362479],[1.427507,51.362771],[1.427284,51.362825],[1.427595,51.363424],[1.42846,51.363553],[1.428666,51.363945],[1.427262,51.364758],[1.427384,51.365408],[1.427647,51.365623],[1.429166,51.365115],[1.429462,51.36535]]]}},{"type":"Feature","properties":{"area_id":"E00125336","people":220,"households":125,"cars_owned":115,"baseline_cars":86,"cars_activated":45,"cars_saved":41,"people_seated":189,"people_unmet":31,"unmet_pct":14.09,"mean_occupancy":5.0,"median_walk_m":41.0},"geometry":{"type":"Polygon","coordinates":[[[1.422262,51.362577],[1.421787,51.36276],[1.419829,51.361822],[1.41956,51.362604],[1.419083,51.362417],[1.418694,51.362708],[1.419234,51.362883],[1.41952,51.36389],[1.420294,51.364288],[1.421127,51.36431],[1.420165,51.364707],[1.420475,51.364788],[1.421313,51.364987],[1.421889,51.36429],[1.422683,51.364243],[1.422554,51.363573],[1.422067,51.363621],[1.422262,51.362577]]]}},{"type":"Feature","properties":{"area_id":"E00125358","people":372,"households":122,"cars_owned":180,"baseline_cars":106,"cars_activated":69,"cars_saved":37,"people_seated":341,"people_unmet":31,"unmet_pct":8.33,"mean_occupancy":4.93,"median_walk_m":39.5},"geometry":{"type":"Polygon","coordinates":[[[1.385804,51.381115],[1.388828,51.380076],[1.388835,51.380074],[1.387317,51.379656],[1.387484,51.379366],[1.386933,51.379096],[1.384687,51.378831],[1.384277,51.379025],[1.383844,51.379692],[1.384389,51.379888],[1.385347,51.379558],[1.386265,51.379897],[1.384223,51.380805],[1.384006,51.381066],[1.384899,51.381428],[1.385804,51.381115]]]}},{"type":"Feature","properties":{"area_id":"E00125364","people":323,"households":134,"cars_owned":173,"baseline_cars":113,"cars_activated":95,"cars_saved":18,"people_seated":307,"people_unmet":16,"unmet_pct":4.95,"mean_occupancy":4.96,"median_walk_m":37.9},"geometry":{"type":"Polygon","coordinates":[[[1.427379,51.346695],[1.422561,51.346851],[1.422438,51.346108],[1.424159,51.34585],[1.424064,51.34556],[1.424836,51.345457],[1.424776,51.345089],[1.423823,51.344967],[1.422345,51.34424],[1.423273,51.343151],[1.42372,51.342062],[1.421106,51.342605],[1.420625,51.342229],[1.419399,51.342594],[1.421199,51.346704],[1.420789,51.346928],[1.42129,51.34724],[1.420793,51.347788],[1.421222,51.34809],[1.422916,51.3476],[1.425709,51.348192],[1.426308,51.348144],[1.426212,51.347604],[1.427379,51.346695]]]}},{"type":"Feature","properties":{"area_id":"E00125374","people":290,"households":124,"cars_owned":125,"baseline_cars":92,"cars_activated":42,"cars_saved":50,"people_seated":273,"people_unmet":17,"unmet_pct":5.86,"mean_occupancy":5.0,"median_walk_m":36.6},"geometry":{"type":"Polygon","coordinates":[[[1.42372,51.342062],[1.426333,51.341559],[1.426577,51.341013],[1.427148,51.340935],[1.427252,51.340696],[1.426313,51.340347],[1.425754,51.340738],[1.425952,51.341019],[1.424675,51.341281],[1.423651,51.340572],[1.422558,51.341264],[1.420625,51.342229],[1.421106,51.342605],[1.42372,51.342062]]]}},{"type":"Feature","properties":{"area_id":"E00125420","people":304,"households":132,"cars_owned":151,"baseline_cars":106,"cars_activated":64,"cars_saved":42,"people_seated":296,"people_unmet":8,"unmet_pct":2.63,"mean_occupancy":5.0,"median_walk_m":35.1},"geometry":{"type":"Polygon","coordinates":[[[1.432043,51.360439],[1.432664,51.36034],[1.432611,51.360024],[1.431791,51.359874],[1.430805,51.360353],[1.430098,51.357835],[1.429523,51.357486],[1.428895,51.358119],[1.425224,51.358397],[1.425211,51.358415],[1.425423,51.35926],[1.42617,51.359247],[1.426508,51.360748],[1.428121,51.360597],[1.429683,51.360853],[1.432043,51.360439]]]}},{"type":"Feature","properties":{"area_id":"E00125425","people":152,"households":92,"cars_owned":60,"baseline_cars":47,"cars_activated":7,"cars_saved":40,"people_seated":150,"people_unmet":2,"unmet_pct":1.32,"mean_occupancy":4.43,"median_walk_m":58.5},"geometry":{"type":"Polygon","coordinates":[[[1.443419,51.358077],[1.443242,51.357169],[1.443723,51.35631],[1.44275,51.355425],[1.442795,51.355352],[1.441426,51.355089],[1.441009,51.355289],[1.441617,51.356118],[1.441023,51.356221],[1.440968,51.356613],[1.441067,51.357061],[1.440698,51.35721],[1.441467,51.357221],[1.441632,51.357654],[1.44065,51.357628],[1.441716,51.357968],[1.441882,51.358447],[1.443419,51.358077]]]}},{"type":"Feature","properties":{"area_id":"E00125426","people":256,"households":125,"cars_owned":147,"baseline_cars":94,"cars_activated":27,"cars_saved":67,"people_seated":254,"people_unmet":2,"unmet_pct":0.78,"mean_occupancy":4.93,"median_walk_m":59.3},"geometry":{"type":"Polygon","coordinates":[[[1.433798,51.359566],[1.433949,51.358544],[1.433875,51.357056],[1.433844,51.356669],[1.43372,51.356343],[1.432233,51.356465],[1.431109,51.356883],[1.430794,51.356454],[1.429526,51.357166],[1.429523,51.357486],[1.430098,51.357835],[1.431078,51.357498],[1.431622,51.35761],[1.432049,51.358645],[1.4331,51.358716],[1.432916,51.359705],[1.433798,51.359566]]]}},{"type":"Feature","properties":{"area_id":"E00125435","people":201,"households":122,"cars_owned":73,"baseline_cars":61,"cars_activated":43,"cars_saved":18,"people_seated":165,"people_unmet":36,"unmet_pct":17.91,"mean_occupancy":5.0,"median_walk_m":22.3},"geometry":{"type":"Polygon","coordinates":[[[1.374238,51.386503],[1.373441,51.386436],[1.373334,51.386745],[1.371121,51.386557],[1.370194,51.386269],[1.370267,51.386087],[1.370755,51.38628],[1.371055,51.385946],[1.36985,51.38562],[1.369681,51.386234],[1.36852,51.386289],[1.36797,51.386015],[1.36825,51.385681],[1.367927,51.385381],[1.367267,51.386155],[1.368311,51.386472],[1.368215,51.386709],[1.367568,51.386721],[1.367368,51.386858],[1.368186,51.38677],[1.369775,51.387095],[1.370988,51.386921],[1.37431,51.38751],[1.374313,51.387511],[1.374238,51.386503]]]}},{"type":"Feature","properties":{"area_id":"E00125436","people":311,"households":144,"cars_owned":159,"baseline_cars":111,"cars_activated":42,"cars_saved":69,"people_seated":292,"people_unmet":19,"unmet_pct":6.11,"mean_occupancy":5.0,"median_walk_m":47.0},"geometry":{"type":"MultiPolygon","coordinates":[[[[1.364512,51.385521],[1.364704,51.384914],[1.365388,51.385139],[1.365283,51.383999],[1.364908,51.383983],[1.364758,51.384379],[1.363585,51.384286],[1.363147,51.383678],[1.361885,51.383576],[1.361395,51.383219],[1.36114,51.38391],[1.360399,51.38408],[1.360342,51.384447],[1.362347,51.384345],[1.362255,51.385238],[1.359654,51.385259],[1.359683,51.384852],[1.35787,51.38489],[1.35786,51.385292],[1.357938,51.385754],[1.356674,51.386011],[1.356678,51.38607],[1.358577,51.385688],[1.363647,51.385812],[1.366212,51.386189],[1.364512,51.385521]]],[[[1.367568,51.386721],[1.366775,51.38641],[1.367228,51.386872],[1.367368,51.386858],[1.367568,51.386721]]]]}},{"type":"Feature","properties":{"area_id":"E00125444","people":316,"households":132,"cars_owned":170,"baseline_cars":113,"cars_activated":71,"cars_saved":42,"people_seated":307,"people_unmet":9,"unmet_pct":2.85,"mean_occupancy":5.0,"median_walk_m":43.6},"geometry":{"type":"Polygon","coordinates":[[[1.330706,51.377893],[1.331098,51.37662],[1.331774,51.37666],[1.33179,51.376386],[1.33109,51.376149],[1.331572,51.375682],[1.331118,51.375358],[1.330447,51.37538],[1.330401,51.375822],[1.329858,51.375802],[1.330313,51.376064],[1.329698,51.376506],[1.329107,51.376289],[1.329286,51.376104],[1.328094,51.376361],[1.327354,51.375964],[1.324428,51.376978],[1.324255,51.378074],[1.326745,51.378288],[1.330026,51.378236],[1.330418,51.378287],[1.330706,51.377893]]]}},{"type":"Feature","properties":{"area_id":"E00125452","people":340,"households":128,"cars_owned":183,"baseline_cars":104,"cars_activated":52,"cars_saved":52,"people_seated":336,"people_unmet":4,"unmet_pct":1.18,"mean_occupancy":5.0,"median_walk_m":36.1},"geometry":{"type":"Polygon","coordinates":[[[1.33379,51.37683],[1.33404,51.376406],[1.332237,51.37633],[1.332256,51.375169],[1.334552,51.37114],[1.329366,51.370616],[1.329473,51.370033],[1.328834,51.370398],[1.328435,51.372623],[1.327603,51.373887],[1.326804,51.373911],[1.327585,51.37481],[1.327739,51.374536],[1.330479,51.373714],[1.330357,51.374953],[1.329906,51.375415],[1.329046,51.375585],[1.329858,51.375802],[1.330401,51.375822],[1.330447,51.37538],[1.331118,51.375358],[1.331572,51.375682],[1.33109,51.376149],[1.33179,51.376386],[1.331774,51.37666],[1.332598,51.376731],[1.333161,51.377145],[1.33379,51.37683]]]}},{"type":"Feature","properties":{"area_id":"E00125457","people":273,"households":176,"cars_owned":129,"baseline_cars":107,"cars_activated":56,"cars_saved":51,"people_seated":264,"people_unmet":9,"unmet_pct":3.3,"mean_occupancy":5.0,"median_walk_m":26.7},"geometry":{"type":"Polygon","coordinates":[[[1.341709,51.383378],[1.341739,51.38293],[1.341015,51.382889],[1.341156,51.38198],[1.340494,51.381865],[1.338935,51.381786],[1.338885,51.382027],[1.339879,51.382172],[1.339775,51.382464],[1.339126,51.38248],[1.339711,51.382642],[1.339269,51.383476],[1.341036,51.383546],[1.341557,51.383807],[1.341709,51.383378]]]}},{"type":"Feature","properties":{"area_id":"E00166934","people":275,"households":128,"cars_owned":55,"baseline_cars":45,"cars_activated":33,"cars_saved":12,"people_seated":213,"people_unmet":62,"unmet_pct":22.55,"mean_occupancy":5.0,"median_walk_m":48.9},"geometry":{"type":"Polygon","coordinates":[[[1.391461,51.39197],[1.391327,51.391654],[1.390821,51.391769],[1.390536,51.390727],[1.390089,51.390863],[1.389738,51.389847],[1.389212,51.389899],[1.389102,51.390969],[1.390224,51.391675],[1.389977,51.392131],[1.391461,51.39197]]]}},{"type":"Feature","properties":{"area_id":"E00190186","people":186,"households":109,"cars_owned":76,"baseline_cars":63,"cars_activated":33,"cars_saved":30,"people_seated":180,"people_unmet":6,"unmet_pct":3.23,"mean_occupancy":5.0,"median_walk_m":22.9},"geometry":{"type":"Polygon","coordinates":[[[1.36985,51.38562],[1.368687,51.385126],[1.368074,51.385205],[1.367927,51.385381],[1.36825,51.385681],[1.36797,51.386015],[1.36852,51.386289],[1.369681,51.386234],[1.36985,51.38562]]]}},{"type":"Feature","properties":{"area_id":"E00125022","people":284,"households":129,"cars_owned":192,"baseline_cars":115,"cars_activated":52,"cars_saved":63,"people_seated":282,"people_unmet":2,"unmet_pct":0.7,"mean_occupancy":4.85,"median_walk_m":66.1},"geometry":{"type":"Polygon","coordinates":[[[1.433948,51.371948],[1.433347,51.372186],[1.432665,51.371668],[1.432939,51.37098],[1.431597,51.370898],[1.430889,51.371162],[1.431145,51.371984],[1.428621,51.372219],[1.428158,51.372422],[1.428227,51.373696],[1.428412,51.373869],[1.429466,51.374214],[1.431705,51.374112],[1.431746,51.373335],[1.432587,51.37376],[1.432882,51.373612],[1.433209,51.374076],[1.433582,51.374003],[1.433498,51.373339],[1.434949,51.373841],[1.434912,51.374595],[1.435776,51.374193],[1.436328,51.374503],[1.437465,51.373574],[1.436997,51.373148],[1.434847,51.373414],[1.433948,51.371948]]]}},{"type":"Feature","properties":{"area_id":"E00125027","people":365,"households":155,"cars_owned":248,"baseline_cars":139,"cars_activated":80,"cars_saved":59,"people_seated":357,"people_unmet":8,"unmet_pct":2.19,"mean_occupancy":4.96,"median_walk_m":56.5},"geometry":{"type":"Polygon","coordinates":[[[1.433948,51.371948],[1.433801,51.371752],[1.433135,51.371192],[1.433841,51.370922],[1.433018,51.36913],[1.432485,51.369004],[1.431247,51.366626],[1.429921,51.365021],[1.429462,51.36535],[1.427759,51.36638],[1.429146,51.366841],[1.429094,51.367888],[1.428257,51.368467],[1.427167,51.36859],[1.426754,51.369377],[1.425752,51.369776],[1.425931,51.370167],[1.428251,51.370748],[1.428534,51.371257],[1.429205,51.371371],[1.428621,51.372219],[1.431145,51.371984],[1.430889,51.371162],[1.431597,51.370898],[1.432939,51.37098],[1.432665,51.371668],[1.433347,51.372186],[1.433948,51.371948]]]}},{"type":"Feature","properties":{"area_id":"E00125037","people":273,"households":118,"cars_owned":162,"baseline_cars":95,"cars_activated":53,"cars_saved":42,"people_seated":269,"people_unmet":4,"unmet_pct":1.47,"mean_occupancy":4.91,"median_walk_m":59.9},"geometry":{"type":"Polygon","coordinates":[[[1.302256,51.381947],[1.301933,51.380613],[1.300974,51.380667],[1.300702,51.379685],[1.301375,51.379639],[1.300219,51.378485],[1.299201,51.379187],[1.298841,51.379951],[1.298484,51.380067],[1.298327,51.379682],[1.297798,51.379794],[1.297287,51.379537],[1.297342,51.380561],[1.298018,51.380899],[1.297394,51.381432],[1.294847,51.381152],[1.294586,51.380674],[1.292231,51.381398],[1.29281,51.382361],[1.292859,51.382354],[1.295961,51.382435],[1.299166,51.383185],[1.30182,51.382029],[1.302256,51.381947]]]}},{"type":"Feature","properties":{"area_id":"E00125046","people":249,"households":114,"cars_owned":108,"baseline_cars":77,"cars_activated":67,"cars_saved":10,"people_seated":237,"people_unmet":12,"unmet_pct":4.82,"mean_occupancy":5.0,"median_walk_m":16.1},"geometry":{"type":"Polygon","coordinates":[[[1.309765,51.372062],[1.310219,51.371584],[1.311298,51.371955],[1.311285,51.372215],[1.31175,51.372276],[1.311889,51.371891],[1.309759,51.371126],[1.309558,51.371327],[1.309008,51.371136],[1.309191,51.370621],[1.308748,51.37067],[1.307284,51.372498],[1.306945,51.372708],[1.306229,51.372535],[1.305986,51.372797],[1.306762,51.373005],[1.307082,51.37345],[1.308545,51.371658],[1.309765,51.372062]]]}},{"type":"Feature","properties":{"area_id":"E00125053","people":265,"households":117,"cars_owned":138,"baseline_cars":96,"cars_activated":34,"cars_saved":62,"people_seated":257,"people_unmet":8,"unmet_pct":3.02,"mean_occupancy":4.91,"median_walk_m":52.6},"geometry":{"type":"Polygon","coordinates":[[[1.313864,51.373203],[1.313264,51.372908],[1.313138,51.372374],[1.312292,51.372692],[1.311924,51.372423],[1.311344,51.372611],[1.310697,51.372387],[1.311285,51.372215],[1.311298,51.371955],[1.310219,51.371584],[1.309765,51.372062],[1.310153,51.372309],[1.309069,51.373419],[1.310227,51.374095],[1.310647,51.373684],[1.311846,51.374105],[1.312266,51.373826],[1.311979,51.373445],[1.313864,51.373203]]]}},{"type":"Feature","properties":{"area_id":"E00125059","people":253,"households":133,"cars_owned":153,"baseline_cars":105,"cars_activated":48,"cars_saved":57,"people_seated":250,"people_unmet":3,"unmet_pct":1.19,"mean_occupancy":4.88,"median_walk_m":45.2},"geometry":{"type":"Polygon","coordinates":[[[1.31015,51.367401],[1.309045,51.367688],[1.309264,51.367938],[1.308763,51.367913],[1.308785,51.368214],[1.309295,51.368471],[1.305837,51.369908],[1.305356,51.370567],[1.30587,51.370601],[1.307397,51.370312],[1.307806,51.369418],[1.309822,51.368625],[1.309191,51.370621],[1.309008,51.371136],[1.309558,51.371327],[1.309759,51.371126],[1.311889,51.371891],[1.312328,51.371031],[1.313873,51.370269],[1.313355,51.369904],[1.311589,51.369571],[1.312685,51.369094],[1.312115,51.368293],[1.311554,51.368124],[1.310168,51.368421],[1.31015,51.367401]]]}},{"type":"Feature","properties":{"area_id":"E00125074","people":293,"households":124,"cars_owned":177,"baseline_cars":104,"cars_activated":84,"cars_saved":20,"people_seated":291,"people_unmet":2,"unmet_pct":0.68,"mean_occupancy":4.96,"median_walk_m":33.3},"geometry":{"type":"Polygon","coordinates":[[[1.437076,51.36575],[1.437598,51.365442],[1.43737,51.364779],[1.436613,51.364552],[1.436581,51.363688],[1.438263,51.362912],[1.437516,51.362004],[1.437924,51.361645],[1.434806,51.361617],[1.435323,51.362262],[1.435282,51.362847],[1.436007,51.363134],[1.43588,51.363614],[1.434949,51.363986],[1.435424,51.365039],[1.434289,51.365486],[1.433886,51.366027],[1.433967,51.366557],[1.435088,51.366416],[1.435548,51.365839],[1.436232,51.365918],[1.43654,51.365531],[1.437076,51.36575]]]}},{"type":"Feature","properties":{"area_id":"E00125094","people":334,"households":169,"cars_owned":118,"baseline_cars":90,"cars_activated":79,"cars_saved":11,"people_seated":282,"people_unmet":52,"unmet_pct":15.57,"mean_occupancy":5.0,"median_walk_m":22.3},"geometry":{"type":"Polygon","coordinates":[[[1.417876,51.334774],[1.416698,51.334975],[1.416269,51.334759],[1.416677,51.334271],[1.416364,51.334139],[1.415966,51.334654],[1.414644,51.334182],[1.413179,51.334765],[1.413142,51.334788],[1.41342,51.335001],[1.414284,51.33566],[1.415125,51.335732],[1.41492,51.336525],[1.415964,51.336601],[1.416128,51.335814],[1.417876,51.334774]]]}},{"type":"Feature","properties":{"area_id":"E00125103","people":253,"households":128,"cars_owned":101,"baseline_cars":77,"cars_activated":62,"cars_saved":15,"people_seated":248,"people_unmet":5,"unmet_pct":1.98,"mean_occupancy":4.98,"median_walk_m":32.1},"geometry":{"type":"Polygon","coordinates":[[[1.411629,51.333581],[1.41202,51.333138],[1.41166,51.333297],[1.41115,51.332907],[1.410845,51.333046],[1.410939,51.332461],[1.410426,51.332175],[1.409744,51.332317],[1.409547,51.332617],[1.409441,51.332971],[1.409914,51.333093],[1.40943,51.333521],[1.409661,51.333772],[1.410149,51.334127],[1.410854,51.333582],[1.411629,51.333581]]]}},{"type":"Feature","properties":{"area_id":"E00125109","people":233,"households":125,"cars_owned":67,"baseline_cars":56,"cars_activated":32,"cars_saved":24,"people_seated":227,"people_unmet":6,"unmet_pct":2.58,"mean_occupancy":5.0,"median_walk_m":35.8},"geometry":{"type":"Polygon","coordinates":[[[1.414358,51.331356],[1.414287,51.331177],[1.415363,51.331541],[1.416177,51.330822],[1.415571,51.330564],[1.414932,51.331111],[1.414304,51.33078],[1.412614,51.330781],[1.412482,51.331],[1.413015,51.331204],[1.413709,51.331651],[1.414358,51.331356]]]}},{"type":"Feature","properties":{"area_id":"E00125114","people":354,"households":171,"cars_owned":179,"baseline_cars":127,"cars_activated":76,"cars_saved":51,"people_seated":347,"people_unmet":7,"unmet_pct":1.98,"mean_occupancy":4.96,"median_walk_m":35.9},"geometry":{"type":"Polygon","coordinates":[[[1.407203,51.331347],[1.409237,51.328462],[1.406399,51.327923],[1.406232,51.328269],[1.40488,51.328229],[1.404419,51.327689],[1.402092,51.327494],[1.401956,51.328191],[1.403081,51.328289],[1.40371,51.329433],[1.404952,51.32973],[1.405302,51.329391],[1.405823,51.329466],[1.405654,51.329837],[1.40656,51.330112],[1.406679,51.331065],[1.406413,51.332013],[1.406704,51.332039],[1.407203,51.331347]]]}},{"type":"Feature","properties":{"area_id":"E00125120","people":289,"households":124,"cars_owned":200,"baseline_cars":108,"cars_activated":74,"cars_saved":34,"people_seated":281,"people_unmet":8,"unmet_pct":2.77,"mean_occupancy":4.91,"median_walk_m":45.4},"geometry":{"type":"Polygon","coordinates":[[[1.369475,51.332064],[1.36845,51.33177],[1.367407,51.330444],[1.366271,51.330468],[1.366364,51.330953],[1.365335,51.331207],[1.365515,51.331586],[1.364609,51.332542],[1.362968,51.332711],[1.36032,51.333496],[1.360558,51.334444],[1.362637,51.334888],[1.366281,51.333661],[1.367001,51.335894],[1.36746,51.335962],[1.367216,51.336281],[1.368291,51.336246],[1.368248,51.335822],[1.369106,51.335951],[1.371692,51.334916],[1.37403,51.334473],[1.373769,51.334281],[1.367912,51.33443],[1.367761,51.333759],[1.368321,51.333651],[1.369475,51.332064]]]}},{"type":"Feature","properties":{"area_id":"E00125126","people":267,"households":129,"cars_owned":174,"baseline_cars":105,"cars_activated":49,"cars_saved":56,"people_seated":260,"people_unmet":7,"unmet_pct":2.62,"mean_occupancy":4.86,"median_walk_m":38.2},"geometry":{"type":"Polygon","coordinates":[[[1.398493,51.330132],[1.397581,51.329645],[1.396595,51.330294],[1.394611,51.330665],[1.39471,51.330989],[1.393221,51.331348],[1.393897,51.332029],[1.393068,51.332667],[1.394022,51.333734],[1.394119,51.333122],[1.3952,51.332593],[1.395091,51.331971],[1.395692,51.331734],[1.395326,51.330921],[1.395759,51.330813],[1.396385,51.331147],[1.396421,51.331699],[1.397539,51.331633],[1.398493,51.330132]]]}},{"type":"Feature","properties":{"area_id":"E00125138","people":230,"households":126,"cars_owned":153,"baseline_cars":107,"cars_activated":73,"cars_saved":34,"people_seated":227,"people_unmet":3,"unmet_pct":1.3,"mean_occupancy":4.97,"median_walk_m":32.6},"geometry":{"type":"Polygon","coordinates":[[[1.419207,51.386857],[1.419051,51.386571],[1.419713,51.386426],[1.419654,51.386025],[1.418865,51.385055],[1.418412,51.385437],[1.417909,51.384571],[1.417399,51.384667],[1.417733,51.38502],[1.41743,51.385227],[1.414279,51.385685],[1.414899,51.387026],[1.416629,51.386939],[1.417532,51.388625],[1.41872,51.3873],[1.418541,51.386969],[1.419207,51.386857]]]}},{"type":"Feature","properties":{"area_id":"E00125140","people":356,"households":122,"cars_owned":195,"baseline_cars":112,"cars_activated":67,"cars_saved":45,"people_seated":340,"people_unmet":16,"unmet_pct":4.49,"mean_occupancy":4.94,"median_walk_m":35.7},"geometry":{"type":"Polygon","coordinates":[[[1.427797,51.386951],[1.426933,51.386728],[1.427108,51.386246],[1.42664,51.386403],[1.426381,51.386207],[1.424021,51.386833],[1.425019,51.388182],[1.426267,51.38827],[1.427264,51.387945],[1.427675,51.388298],[1.428569,51.38805],[1.428157,51.387416],[1.427674,51.387547],[1.427425,51.387243],[1.427797,51.386951]]]}},{"type":"Feature","properties":{"area_id":"E00125145","people":285,"households":123,"cars_owned":161,"baseline_cars":102,"cars_activated":52,"cars_saved":50,"people_seated":261,"people_unmet":24,"unmet_pct":8.42,"mean_occupancy":4.92,"median_walk_m":44.4},"geometry":{"type":"Polygon","coordinates":[[[1.428467,51.386437],[1.428932,51.386309],[1.428494,51.385647],[1.42909,51.385747],[1.429537,51.385485],[1.428394,51.384497],[1.428186,51.384316],[1.427651,51.384659],[1.428052,51.385241],[1.427129,51.385199],[1.426453,51.384683],[1.425968,51.384708],[1.425342,51.385517],[1.425429,51.38582],[1.425966,51.385639],[1.426381,51.386207],[1.42664,51.386403],[1.427108,51.386246],[1.426933,51.386728],[1.427797,51.386951],[1.427958,51.386515],[1.428467,51.386437]]]}},{"type":"Feature","properties":{"area_id":"E00125146","people":296,"households":120,"cars_owned":205,"baseline_cars":109,"cars_activated":75,"cars_saved":34,"people_seated":295,"people_unmet":1,"unmet_pct":0.34,"mean_occupancy":4.93,"median_walk_m":28.8},"geometry":{"type":"Polygon","coordinates":[[[1.412181,51.385458],[1.412312,51.384974],[1.413087,51.384823],[1.413192,51.38316],[1.412174,51.383067],[1.4127,51.382558],[1.411008,51.383059],[1.410472,51.382658],[1.409574,51.38302],[1.410333,51.383399],[1.410541,51.384507],[1.409778,51.384854],[1.409087,51.384603],[1.408003,51.384999],[1.409134,51.38625],[1.40915,51.386258],[1.409953,51.38624],[1.410999,51.388052],[1.411741,51.388179],[1.410418,51.385707],[1.412181,51.385458]]]}},{"type":"Feature","properties":{"area_id":"E00125158","people":262,"households":139,"cars_owned":127,"baseline_cars":90,"cars_activated":57,"cars_saved":33,"people_seated":244,"people_unmet":18,"unmet_pct":6.87,"mean_occupancy":5.0,"median_walk_m":22.0},"geometry":{"type":"Polygon","coordinates":[[[1.402861,51.386543],[1.404505,51.38619],[1.402659,51.38392],[1.401405,51.384254],[1.40169,51.384678],[1.401026,51.384763],[1.401221,51.385087],[1.401907,51.384911],[1.402277,51.385311],[1.401601,51.385566],[1.401363,51.385765],[1.402001,51.386573],[1.401586,51.386814],[1.402861,51.386543]]]}},{"type":"Feature","properties":{"area_id":"E00125188","people":246,"households":115,"cars_owned":112,"baseline_cars":71,"cars_activated":28,"cars_saved":43,"people_seated":230,"people_unmet":16,"unmet_pct":6.5,"mean_occupancy":5.0,"median_walk_m":64.5},"geometry":{"type":"Polygon","coordinates":[[[1.403592,51.380351],[1.401931,51.379673],[1.401576,51.379236],[1.402201,51.378682],[1.401777,51.378392],[1.401326,51.378674],[1.400893,51.378507],[1.399275,51.380419],[1.400896,51.380588],[1.401622,51.380558],[1.403456,51.380621],[1.403849,51.38058],[1.403592,51.380351]]]}},{"type":"Feature","properties":{"area_id":"E00125192","people":338,"households":126,"cars_owned":137,"baseline_cars":94,"cars_activated":62,"cars_saved":32,"people_seated":319,"people_unmet":19,"unmet_pct":5.62,"mean_occupancy":4.98,"median_walk_m":40.9},"geometry":{"type":"Polygon","coordinates":[[[1.40771,51.376858],[1.406925,51.375631],[1.407876,51.375492],[1.40809,51.37641],[1.408603,51.376286],[1.408992,51.375768],[1.407902,51.375046],[1.405902,51.375224],[1.406045,51.375448],[1.40556,51.375602],[1.4059,51.376302],[1.40395,51.376804],[1.404046,51.377211],[1.404464,51.377573],[1.406341,51.37709],[1.406851,51.377434],[1.40726,51.37735],[1.40776,51.377168],[1.40771,51.376858]]]}},{"type":"Feature","properties":{"area_id":"E00125197","people":333,"households":132,"cars_owned":175,"baseline_cars":111,"cars_activated":48,"cars_saved":63,"people_seated":315,"people_unmet":18,"unmet_pct":5.41,"mean_occupancy":4.88,"median_walk_m":41.5},"geometry":{"type":"Polygon","coordinates":[[[1.401405,51.384254],[1.402659,51.38392],[1.403058,51.3838],[1.404161,51.383487],[1.403808,51.383141],[1.40271,51.38346],[1.401838,51.382329],[1.400031,51.382599],[1.400179,51.382919],[1.39891,51.384319],[1.398958,51.384362],[1.401405,51.384254]]]}},{"type":"Feature","properties":{"area_id":"E00125213","people":403,"households":153,"cars_owned":195,"baseline_cars":128,"cars_activated":90,"cars_saved":38,"people_seated":390,"people_unmet":13,"unmet_pct":3.23,"mean_occupancy":4.98,"median_walk_m":39.2},"geometry":{"type":"Polygon","coordinates":[[[1.417319,51.341871],[1.416035,51.341925],[1.415217,51.341071],[1.414468,51.341252],[1.413831,51.33972],[1.413513,51.33999],[1.413626,51.340349],[1.41306,51.340786],[1.413844,51.341058],[1.413777,51.341492],[1.411672,51.341838],[1.410741,51.342303],[1.410058,51.342843],[1.414057,51.344313],[1.416388,51.345171],[1.417315,51.345512],[1.417736,51.34391],[1.417199,51.343434],[1.417957,51.343363],[1.417319,51.341871]]]}},{"type":"Feature","properties":{"area_id":"E00125219","people":326,"households":151,"cars_owned":143,"baseline_cars":104,"cars_activated":54,"cars_saved":50,"people_seated":320,"people_unmet":6,"unmet_pct":1.84,"mean_occupancy":4.94,"median_walk_m":35.1},"geometry":{"type":"Polygon","coordinates":[[[1.415892,51.340099],[1.415595,51.339595],[1.416502,51.339118],[1.417004,51.339219],[1.417016,51.338866],[1.416914,51.33861],[1.416045,51.33859],[1.416096,51.338015],[1.415559,51.337544],[1.414566,51.338688],[1.414181,51.339255],[1.4149,51.340248],[1.415892,51.340099]]]}},{"type":"Feature","properties":{"area_id":"E00125231","people":303,"households":119,"cars_owned":170,"baseline_cars":107,"cars_activated":104,"cars_saved":3,"people_seated":296,"people_unmet":7,"unmet_pct":2.31,"mean_occupancy":5.0,"median_walk_m":23.1},"geometry":{"type":"Polygon","coordinates":[[[1.362811,51.379058],[1.364581,51.379405],[1.364805,51.379059],[1.362624,51.378343],[1.361302,51.378594],[1.358894,51.378021],[1.359731,51.378763],[1.360869,51.378993],[1.360831,51.380192],[1.359088,51.380441],[1.359185,51.380977],[1.361302,51.381645],[1.362026,51.381085],[1.361669,51.380676],[1.362131,51.379242],[1.362387,51.378924],[1.362811,51.379058]]]}},{"type":"Feature","properties":{"area_id":"E00125244","people":313,"households":143,"cars_owned":191,"baseline_cars":118,"cars_activated":60,"cars_saved":58,"people_seated":312,"people_unmet":1,"unmet_pct":0.32,"mean_occupancy":4.93,"median_walk_m":46.4},"geometry":{"type":"Polygon","coordinates":[[[1.352343,51.379847],[1.352802,51.379857],[1.352839,51.379857],[1.352668,51.379451],[1.354722,51.379409],[1.354613,51.37822],[1.3538,51.378195],[1.353441,51.378568],[1.35214,51.37873],[1.351792,51.378474],[1.35204,51.377858],[1.350871,51.378048],[1.350482,51.378015],[1.349712,51.377986],[1.349969,51.378371],[1.349079,51.379532],[1.349765,51.380064],[1.352343,51.379847]]]}},{"type":"Feature","properties":{"area_id":"E00125288","people":281,"households":116,"cars_owned":76,"baseline_cars":57,"cars_activated":53,"cars_saved":4,"people_seated":253,"people_unmet":28,"unmet_pct":9.96,"mean_occupancy":5.0,"median_walk_m":49.5},"geometry":{"type":"Polygon","coordinates":[[[1.395594,51.348462],[1.395509,51.348763],[1.399032,51.349122],[1.398857,51.348378],[1.397768,51.34824],[1.397781,51.347663],[1.396171,51.348228],[1.396285,51.348558],[1.395594,51.348462]]]}},{"type":"Feature","properties":{"area_id":"E00125294","people":383,"households":141,"cars_owned":138,"baseline_cars":89,"cars_activated":63,"cars_saved":26,"people_seated":342,"people_unmet":41,"unmet_pct":10.7,"mean_occupancy":5.0,"median_walk_m":37.1},"geometry":{"type":"Polygon","coordinates":[[[1.398941,51.346877],[1.398668,51.345825],[1.398624,51.345571],[1.397644,51.345929],[1.397424,51.345372],[1.39671,51.345235],[1.394917,51.345158],[1.3955,51.345515],[1.396125,51.345474],[1.395887,51.345662],[1.396503,51.346278],[1.395006,51.346954],[1.394993,51.347328],[1.395566,51.347117],[1.39655,51.347617],[1.398941,51.346877]]]}},{"type":"Feature","properties":{"area_id":"E00125302","people":243,"households":121,"cars_owned":158,"baseline_cars":101,"cars_activated":69,"cars_saved":32,"people_seated":242,"people_unmet":1,"unmet_pct":0.41,"mean_occupancy":4.97,"median_walk_m":37.1},"geometry":{"type":"Polygon","coordinates":[[[1.410744,51.352105],[1.409626,51.350966],[1.409992,51.350738],[1.408219,51.349904],[1.407871,51.350168],[1.408495,51.350627],[1.407035,51.351629],[1.40653,51.351802],[1.406094,51.351592],[1.405581,51.351977],[1.40427,51.352747],[1.404714,51.353676],[1.40562,51.353364],[1.407713,51.353861],[1.410744,51.352105]]]}},{"type":"Feature","properties":{"area_id":"E00125307","people":336,"households":116,"cars_owned":125,"baseline_cars":82,"cars_activated":65,"cars_saved":17,"people_seated":310,"people_unmet":26,"unmet_pct":7.74,"mean_occupancy":5.0,"median_walk_m":44.7},"geometry":{"type":"Polygon","coordinates":[[[1.404207,51.350276],[1.405335,51.348974],[1.404598,51.348899],[1.403689,51.347795],[1.403177,51.347829],[1.4029,51.347415],[1.401823,51.34845],[1.401846,51.348792],[1.40337,51.349529],[1.403232,51.349794],[1.402654,51.349571],[1.402195,51.349752],[1.402737,51.350328],[1.403142,51.350781],[1.403868,51.350091],[1.404207,51.350276]]]}},{"type":"Feature","properties":{"area_id":"E00125323","people":331,"households":126,"cars_owned":172,"baseline_cars":109,"cars_activated":84,"cars_saved":25,"people_seated":308,"people_unmet":23,"unmet_pct":6.95,"mean_occupancy":4.99,"median_walk_m":26.5},"geometry":{"type":"Polygon","coordinates":[[[1.410018,51.35853],[1.409303,51.357317],[1.405972,51.357981],[1.406202,51.358272],[1.407184,51.358119],[1.406319,51.35842],[1.407237,51.359543],[1.407572,51.358986],[1.408924,51.358766],[1.409331,51.359661],[1.409679,51.359972],[1.410419,51.359743],[1.409944,51.358878],[1.409574,51.358891],[1.410018,51.35853]]]}},{"type":"Feature","properties":{"area_id":"E00125329","people":286,"households":123,"cars_owned":168,"baseline_cars":103,"cars_activated":78,"cars_saved":25,"people_seated":284,"people_unmet":2,"unmet_pct":0.7,"mean_occupancy":5.0,"median_walk_m":25.9},"geometry":{"type":"Polygon","coordinates":[[[1.427759,51.36638],[1.429462,51.36535],[1.429166,51.365115],[1.427647,51.365623],[1.427384,51.365408],[1.427262,51.364758],[1.428666,51.363945],[1.42846,51.363553],[1.427595,51.363424],[1.427284,51.362825],[1.426224,51.363121],[1.426439,51.363617],[1.42567,51.363663],[1.425815,51.364436],[1.424858,51.364588],[1.425231,51.36425],[1.424407,51.363964],[1.423785,51.364021],[1.423649,51.364349],[1.425165,51.365517],[1.42578,51.365396],[1.425716,51.365017],[1.426572,51.364879],[1.426626,51.365912],[1.425526,51.366534],[1.426173,51.367122],[1.427759,51.36638]]]}},{"type":"Feature","properties":{"area_id":"E00125343","people":295,"households":145,"cars_owned":153,"baseline_cars":99,"cars_activated":59,"cars_saved":40,"people_seated":285,"people_unmet":10,"unmet_pct":3.39,"mean_occupancy":5.0,"median_walk_m":32.6},"geometry":{"type":"Polygon","coordinates":[[[1.42208,51.358473],[1.421481,51.35726],[1.419242,51.357474],[1.419432,51.356681],[1.41781,51.356766],[1.418834,51.358989],[1.418329,51.359207],[1.418248,51.359029],[1.416849,51.359209],[1.416379,51.360024],[1.417489,51.360816],[1.418784,51.360845],[1.419924,51.361386],[1.420283,51.361456],[1.420472,51.360684],[1.420289,51.358911],[1.420821,51.358859],[1.420772,51.358566],[1.42208,51.358473]]]}},{"type":"Feature","properties":{"area_id":"E00125349","people":301,"households":126,"cars_owned":173,"baseline_cars":105,"cars_activated":64,"cars_saved":41,"people_seated":295,"people_unmet":6,"unmet_pct":1.99,"mean_occupancy":4.92,"median_walk_m":106.2},"geometry":{"type":"Polygon","coordinates":[[[1.38154,51.377441],[1.383163,51.375815],[1.38312,51.375282],[1.383932,51.374418],[1.38183,51.373957],[1.380335,51.373123],[1.380769,51.371273],[1.379867,51.37046],[1.369473,51.374012],[1.371022,51.374792],[1.374931,51.375762],[1.373812,51.376695],[1.376179,51.378444],[1.379123,51.377399],[1.379276,51.377642],[1.380264,51.377306],[1.38154,51.377441]]]}},{"type":"Feature","properties":{"area_id":"E00125354","people":329,"households":134,"cars_owned":126,"baseline_cars":94,"cars_activated":70,"cars_saved":24,"people_seated":296,"people_unmet":33,"unmet_pct":10.03,"mean_occupancy":5.0,"median_walk_m":30.7},"geometry":{"type":"Polygon","coordinates":[[[1.38331,51.381976],[1.383085,51.380964],[1.382098,51.380994],[1.380328,51.38103],[1.380412,51.381509],[1.381392,51.382638],[1.38331,51.381976]]]}},{"type":"Feature","properties":{"area_id":"E00125368","people":412,"households":169,"cars_owned":211,"baseline_cars":137,"cars_activated":103,"cars_saved":34,"people_seated":400,"people_unmet":12,"unmet_pct":2.91,"mean_occupancy":4.93,"median_walk_m":26.6},"geometry":{"type":"Polygon","coordinates":[[[1.427027,51.343378],[1.426668,51.343413],[1.426491,51.342657],[1.423273,51.343151],[1.422345,51.34424],[1.423823,51.344967],[1.424776,51.345089],[1.424836,51.345457],[1.424064,51.34556],[1.424159,51.34585],[1.42603,51.345777],[1.427699,51.346092],[1.427027,51.343378]]]}},{"type":"Feature","properties":{"area_id":"E00125378","people":397,"households":146,"cars_owned":137,"baseline_cars":90,"cars_activated":72,"cars_saved":18,"people_seated":377,"people_unmet":20,"unmet_pct":5.04,"mean_occupancy":5.0,"median_walk_m":35.2},"geometry":{"type":"Polygon","coordinates":[[[1.421368,51.349725],[1.421222,51.34809],[1.420793,51.347788],[1.420448,51.34787],[1.420625,51.34839],[1.419238,51.348508],[1.419202,51.348261],[1.418657,51.348635],[1.418773,51.349361],[1.417968,51.349748],[1.417859,51.350473],[1.421368,51.349725]]]}},{"type":"Feature","properties":{"area_id":"E00125383","people":281,"households":130,"cars_owned":184,"baseline_cars":114,"cars_activated":86,"cars_saved":28,"people_seated":278,"people_unmet":3,"unmet_pct":1.07,"mean_occupancy":4.95,"median_walk_m":23.5},"geometry":{"type":"Polygon","coordinates":[[[1.313935,51.336089],[1.314214,51.335657],[1.313587,51.335149],[1.313521,51.335156],[1.312962,51.33547],[1.310653,51.335009],[1.309528,51.335503],[1.308667,51.335329],[1.306276,51.337275],[1.309128,51.337178],[1.310322,51.337441],[1.310783,51.337238],[1.310806,51.336713],[1.309954,51.336557],[1.310556,51.335982],[1.310732,51.336276],[1.313935,51.336089]]]}},{"type":"Feature","properties":{"area_id":"E00125389","people":264,"households":117,"cars_owned":193,"baseline_cars":113,"cars_activated":62,"cars_saved":51,"people_seated":258,"people_unmet":6,"unmet_pct":2.27,"mean_occupancy":4.47,"median_walk_m":113.9},"geometry":{"type":"MultiPolygon","coordinates":[[[[1.341979,51.31111],[1.341979,51.311109],[1.341369,51.311392],[1.340745,51.311895],[1.341979,51.31111]]],[[[1.297697,51.319301],[1.299649,51.318542],[1.299236,51.318605],[1.297697,51.319301]]],[[[1.361535,51.347633],[1.359826,51.342989],[1.365218,51.343326],[1.364177,51.340517],[1.364095,51.338202],[1.363617,51.337123],[1.361371,51.337766],[1.360558,51.334444],[1.36032,51.333496],[1.35966,51.330773],[1.35907,51.3283],[1.359591,51.32808],[1.359664,51.324664],[1.356975,51.321154],[1.355964,51.31908],[1.352738,51.315599],[1.351697,51.313012],[1.350966,51.311711],[1.346767,51.30906],[1.346502,51.308138],[1.345416,51.307989],[1.34341,51.310459],[1.339431,51.312907],[1.338771,51.313055],[1.338595,51.313127],[1.337617,51.313313],[1.335411,51.313805],[1.33219,51.31303],[1.33216,51.313023],[1.331784,51.312939],[1.330385,51.31434],[1.325537,51.316914],[1.322845,51.317173],[1.322883,51.317457],[1.322626,51.317177],[1.313928,51.31806],[1.313871,51.320555],[1.313718,51.318031],[1.313418,51.317935],[1.313352,51.317931],[1.313037,51.317814],[1.310427,51.316983],[1.306709,51.31749],[1.299809,51.318555],[1.299696,51.318573],[1.299013,51.318871],[1.29611,51.320136],[1.293628,51.32073],[1.300516,51.324764],[1.308566,51.325234],[1.315029,51.324451],[1.319556,51.323346],[1.32908,51.320406],[1.332908,51.32461],[1.332078,51.328286],[1.328124,51.331165],[1.326141,51.333935],[1.327523,51.335297],[1.320085,51.336088],[1.32013,51.337703],[1.316673,51.339614],[1.316855,51.34002],[1.318772,51.339752],[1.319399,51.341715],[1.317647,51.341922],[1.317213,51.341431],[1.316134,51.341538],[1.317106,51.343566],[1.317748,51.34371],[1.317865,51.346094],[1.323244,51.345945],[1.323648,51.347017],[1.330363,51.346149],[1.340953,51.347395],[1.347024,51.349299],[1.352149,51.349062],[1.361535,51.347633]]]]}},{"type":"Feature","properties":{"area_id":"E00125393","people":289,"households":140,"cars_owned":196,"baseline_cars":114,"cars_activated":59,"cars_saved":55,"people_seated":288,"people_unmet":1,"unmet_pct":0.35,"mean_occupancy":4.9,"median_walk_m":47.0},"geometry":{"type":"Polygon","coordinates":[[[1.316673,51.339614],[1.32013,51.337703],[1.320085,51.336088],[1.319379,51.335087],[1.317436,51.335372],[1.315185,51.334702],[1.314488,51.334779],[1.314488,51.334555],[1.313587,51.335149],[1.314214,51.335657],[1.313935,51.336089],[1.31488,51.336812],[1.31427,51.336946],[1.314506,51.338002],[1.313502,51.338053],[1.313202,51.338328],[1.313615,51.339282],[1.314958,51.339483],[1.315187,51.339776],[1.316673,51.339614]]]}},{"type":"Feature","properties":{"area_id":"E00125402","people":196,"households":109,"cars_owned":91,"baseline_cars":67,"cars_activated":54,"cars_saved":13,"people_seated":180,"people_unmet":16,"unmet_pct":8.16,"mean_occupancy":5.0,"median_walk_m":35.4},"geometry":{"type":"Polygon","coordinates":[[[1.441609,51.358484],[1.441882,51.358447],[1.441716,51.357968],[1.44065,51.357628],[1.441632,51.357654],[1.441467,51.357221],[1.440698,51.35721],[1.441067,51.357061],[1.440968,51.356613],[1.440561,51.357046],[1.439525,51.356352],[1.438753,51.356344],[1.43912,51.356525],[1.438992,51.357062],[1.440125,51.357627],[1.440258,51.358811],[1.441609,51.358484]]]}},{"type":"Feature","properties":{"area_id":"E00125407","people":259,"households":117,"cars_owned":132,"baseline_cars":86,"cars_activated":56,"cars_saved":30,"people_seated":256,"people_unmet":3,"unmet_pct":1.16,"mean_occupancy":5.0,"median_walk_m":35.0},"geometry":{"type":"Polygon","coordinates":[[[1.438328,51.355952],[1.438365,51.355464],[1.436893,51.355362],[1.436638,51.355742],[1.436299,51.355546],[1.435296,51.355927],[1.434551,51.355266],[1.434901,51.356369],[1.433844,51.356669],[1.433875,51.357056],[1.434745,51.356876],[1.435053,51.357214],[1.438328,51.355952]]]}},{"type":"Feature","properties":{"area_id":"E00125418","people":361,"households":160,"cars_owned":249,"baseline_cars":146,"cars_activated":70,"cars_saved":76,"people_seated":354,"people_unmet":7,"unmet_pct":1.94,"mean_occupancy":4.91,"median_walk_m":47.0},"geometry":{"type":"Polygon","coordinates":[[[1.432876,51.349655],[1.432514,51.348536],[1.434429,51.347756],[1.434705,51.348035],[1.436163,51.347917],[1.435467,51.347314],[1.434197,51.34742],[1.434305,51.346863],[1.435423,51.347026],[1.435333,51.346688],[1.43595,51.346464],[1.434662,51.345284],[1.432833,51.344458],[1.431875,51.344811],[1.432044,51.345382],[1.429222,51.346087],[1.427773,51.346111],[1.430313,51.347227],[1.431328,51.348371],[1.430884,51.348363],[1.4304,51.349054],[1.429871,51.349062],[1.43076,51.350107],[1.432007,51.350304],[1.432389,51.349727],[1.432876,51.349655]]]}},{"type":"Feature","properties":{"area_id":"E00125438","people":332,"households":164,"cars_owned":123,"baseline_cars":90,"cars_activated":51,"cars_saved":39,"people_seated":314,"people_unmet":18,"unmet_pct":5.42,"mean_occupancy":4.98,"median_walk_m":40.7},"geometry":{"type":"Polygon","coordinates":[[[1.374238,51.386503],[1.374529,51.384899],[1.371841,51.385167],[1.369129,51.384616],[1.368687,51.385126],[1.36985,51.38562],[1.371055,51.385946],[1.370755,51.38628],[1.370267,51.386087],[1.370194,51.386269],[1.371121,51.386557],[1.373334,51.386745],[1.373441,51.386436],[1.374238,51.386503]]]}},{"type":"Feature","properties":{"area_id":"E00125017","people":400,"households":157,"cars_owned":216,"baseline_cars":139,"cars_activated":107,"cars_saved":32,"people_seated":392,"people_unmet":8,"unmet_pct":2.0,"mean_occupancy":4.92,"median_walk_m":26.9},"geometry":{"type":"Polygon","coordinates":[[[1.429104,51.375049],[1.428893,51.374882],[1.429488,51.374575],[1.428162,51.374314],[1.428412,51.373869],[1.428227,51.373696],[1.42728,51.373578],[1.426926,51.374035],[1.426057,51.374223],[1.425384,51.374521],[1.423628,51.374146],[1.423271,51.374523],[1.423951,51.3752],[1.423327,51.37809],[1.42341,51.37846],[1.429104,51.375049]]]}},{"type":"Feature","properties":{"area_id":"E00125048","people":198,"households":124,"cars_owned":101,"baseline_cars":85,"cars_activated":69,"cars_saved":16,"people_seated":195,"people_unmet":3,"unmet_pct":1.52,"mean_occupancy":5.0,"median_walk_m":21.1},"geometry":{"type":"Polygon","coordinates":[[[1.313864,51.373203],[1.311979,51.373445],[1.312266,51.373826],[1.311846,51.374105],[1.312567,51.374808],[1.31164,51.375242],[1.31231,51.37559],[1.312995,51.375234],[1.312941,51.374708],[1.313547,51.374888],[1.314583,51.374391],[1.314166,51.373525],[1.314742,51.373775],[1.31539,51.373424],[1.313864,51.373203]]]}},{"type":"Feature","properties":{"area_id":"E00125051","people":339,"households":158,"cars_owned":182,"baseline_cars":119,"cars_activated":48,"cars_saved":71,"people_seated":326,"people_unmet":13,"unmet_pct":3.83,"mean_occupancy":5.0,"median_walk_m":48.5},"geometry":{"type":"Polygon","coordinates":[[[1.308041,51.375374],[1.307495,51.374435],[1.308377,51.373953],[1.309975,51.374332],[1.310227,51.374095],[1.309069,51.373419],[1.310153,51.372309],[1.309765,51.372062],[1.308545,51.371658],[1.307082,51.37345],[1.306762,51.373005],[1.305986,51.372797],[1.305509,51.373117],[1.307292,51.373805],[1.306427,51.374163],[1.306799,51.374539],[1.306276,51.374795],[1.306272,51.375044],[1.307139,51.374931],[1.307495,51.375481],[1.306969,51.375717],[1.308041,51.375374]]]}},{"type":"Feature","properties":{"area_id":"E00125082","people":247,"households":109,"cars_owned":160,"baseline_cars":96,"cars_activated":40,"cars_saved":56,"people_seated":245,"people_unmet":2,"unmet_pct":0.81,"mean_occupancy":4.97,"median_walk_m":67.0},"geometry":{"type":"Polygon","coordinates":[[[1.443108,51.368594],[1.443108,51.368204],[1.44462,51.367807],[1.44592,51.367717],[1.445813,51.367637],[1.445419,51.366589],[1.444085,51.366664],[1.443957,51.365369],[1.442652,51.365381],[1.441914,51.362981],[1.441085,51.363191],[1.441652,51.364815],[1.43946,51.365188],[1.4395,51.365396],[1.439667,51.365893],[1.440174,51.365871],[1.440247,51.365413],[1.441017,51.365416],[1.441393,51.365807],[1.441445,51.368132],[1.442057,51.368084],[1.442278,51.368757],[1.443108,51.368594]]]}},{"type":"Feature","properties":{"area_id":"E00125087","people":372,"households":152,"cars_owned":153,"baseline_cars":110,"cars_activated":109,"cars_saved":1,"people_seated":349,"people_unmet":23,"unmet_pct":6.18,"mean_occupancy":5.0,"median_walk_m":28.5},"geometry":{"type":"Polygon","coordinates":[[[1.410741,51.342303],[1.412062,51.340999],[1.411332,51.340463],[1.410876,51.3405],[1.410891,51.340079],[1.408944,51.340687],[1.409443,51.341154],[1.409043,51.341229],[1.408523,51.340733],[1.406689,51.341602],[1.408622,51.342314],[1.410058,51.342843],[1.410741,51.342303]]]}},{"type":"Feature","properties":{"area_id":"E00125101","people":294,"households":116,"cars_owned":127,"baseline_cars":82,"cars_activated":44,"cars_saved":38,"people_seated":274,"people_unmet":20,"unmet_pct":6.8,"mean_occupancy":4.89,"median_walk_m":42.8},"geometry":{"type":"Polygon","coordinates":[[[1.409891,51.336239],[1.409237,51.335738],[1.40969,51.335563],[1.409203,51.33514],[1.409455,51.33487],[1.408997,51.334753],[1.409303,51.334539],[1.409596,51.334311],[1.409101,51.334242],[1.409661,51.333772],[1.40943,51.333521],[1.408144,51.333513],[1.408632,51.334458],[1.40835,51.335061],[1.408288,51.335465],[1.408515,51.335728],[1.408109,51.335861],[1.409287,51.336783],[1.409891,51.336239]]]}},{"type":"Feature","properties":{"area_id":"E00125130","people":232,"households":117,"cars_owned":155,"baseline_cars":95,"cars_activated":74,"cars_saved":21,"people_seated":229,"people_unmet":3,"unmet_pct":1.29,"mean_occupancy":4.96,"median_walk_m":40.8},"geometry":{"type":"Polygon","coordinates":[[[1.420887,51.389941],[1.420491,51.38911],[1.421314,51.388931],[1.420087,51.387157],[1.419449,51.387288],[1.419207,51.386857],[1.418541,51.386969],[1.41872,51.3873],[1.417532,51.388625],[1.415058,51.387608],[1.414559,51.387669],[1.414849,51.388207],[1.413564,51.388412],[1.413056,51.388231],[1.412966,51.388827],[1.413722,51.390227],[1.413254,51.390823],[1.418388,51.390215],[1.420635,51.390276],[1.420887,51.389941]]]}},{"type":"Feature","properties":{"area_id":"E00125135","people":208,"households":118,"cars_owned":134,"baseline_cars":91,"cars_activated":55,"cars_saved":36,"people_seated":207,"people_unmet":1,"unmet_pct":0.48,"mean_occupancy":4.95,"median_walk_m":53.0},"geometry":{"type":"Polygon","coordinates":[[[1.426616,51.388922],[1.426267,51.38827],[1.425019,51.388182],[1.425308,51.388593],[1.424548,51.388616],[1.424145,51.389139],[1.423531,51.389232],[1.423072,51.388589],[1.422361,51.38848],[1.422492,51.387807],[1.42173,51.387708],[1.421583,51.387308],[1.421252,51.386965],[1.420087,51.387157],[1.421314,51.388931],[1.420491,51.38911],[1.420887,51.389941],[1.422617,51.390007],[1.423351,51.390449],[1.424504,51.390288],[1.424189,51.389618],[1.424744,51.389349],[1.424635,51.389063],[1.425363,51.389254],[1.426616,51.388922]]]}},{"type":"Feature","properties":{"area_id":"E00125148","people":255,"households":117,"cars_owned":159,"baseline_cars":102,"cars_activated":48,"cars_saved":54,"people_seated":253,"people_unmet":2,"unmet_pct":0.78,"mean_occupancy":4.94,"median_walk_m":48.7},"geometry":{"type":"Polygon","coordinates":[[[1.414279,51.385685],[1.41743,51.385227],[1.417733,51.38502],[1.417399,51.384667],[1.416469,51.384286],[1.415985,51.384776],[1.41472,51.38417],[1.414583,51.383672],[1.415877,51.383235],[1.415446,51.382462],[1.416222,51.382264],[1.416018,51.381866],[1.415294,51.381659],[1.414093,51.381901],[1.413142,51.38272],[1.4127,51.382558],[1.412174,51.383067],[1.413192,51.38316],[1.413087,51.384823],[1.412312,51.384974],[1.412181,51.385458],[1.412852,51.38581],[1.414279,51.385685]]]}},{"type":"Feature","properties":{"area_id":"E00125150","people":391,"households":166,"cars_owned":250,"baseline_cars":150,"cars_activated":68,"cars_saved":82,"people_seated":390,"people_unmet":1,"unmet_pct":0.26,"mean_occupancy":4.82,"median_walk_m":54.4},"geometry":{"type":"Polygon","coordinates":[[[1.409134,51.38625],[1.408003,51.384999],[1.409087,51.384603],[1.409778,51.384854],[1.410541,51.384507],[1.410333,51.383399],[1.409574,51.38302],[1.410472,51.382658],[1.410113,51.382121],[1.405534,51.383124],[1.404161,51.383487],[1.403058,51.3838],[1.407354,51.385793],[1.407442,51.386104],[1.407854,51.386073],[1.407396,51.386577],[1.407763,51.387215],[1.407968,51.387563],[1.409257,51.38735],[1.408677,51.386505],[1.409134,51.38625]]]}},{"type":"Feature","properties":{"area_id":"E00125155","people":474,"households":205,"cars_owned":172,"baseline_cars":123,"cars_activated":99,"cars_saved":24,"people_seated":421,"people_unmet":53,"unmet_pct":11.18,"mean_occupancy":4.98,"median_walk_m":26.7},"geometry":{"type":"Polygon","coordinates":[[[1.388033,51.387898],[1.387014,51.387229],[1.387245,51.386893],[1.38777,51.38702],[1.388737,51.386555],[1.390724,51.386233],[1.39018,51.385224],[1.389883,51.385229],[1.386919,51.386156],[1.386536,51.385842],[1.384504,51.386534],[1.385012,51.387061],[1.386392,51.388554],[1.388033,51.387898]]]}},{"type":"Feature","properties":{"area_id":"E00125156","people":394,"households":186,"cars_owned":125,"baseline_cars":95,"cars_activated":65,"cars_saved":30,"people_seated":326,"people_unmet":68,"unmet_pct":17.26,"mean_occupancy":5.0,"median_walk_m":39.8},"geometry":{"type":"Polygon","coordinates":[[[1.396399,51.387985],[1.396268,51.387778],[1.397414,51.38752],[1.396957,51.387102],[1.396473,51.387305],[1.395948,51.386947],[1.395233,51.387873],[1.394862,51.387543],[1.393315,51.388114],[1.393635,51.388609],[1.393678,51.388705],[1.394676,51.388999],[1.394662,51.389293],[1.395369,51.389499],[1.395886,51.389269],[1.395696,51.388674],[1.396399,51.387985]]]}},{"type":"Feature","properties":{"area_id":"E00125160","people":269,"households":134,"cars_owned":108,"baseline_cars":74,"cars_activated":40,"cars_saved":34,"people_seated":266,"people_unmet":3,"unmet_pct":1.12,"mean_occupancy":4.83,"median_walk_m":45.4},"geometry":{"type":"Polygon","coordinates":[[[1.401601,51.385566],[1.400406,51.385089],[1.400242,51.385387],[1.399708,51.385284],[1.398488,51.385944],[1.398325,51.386559],[1.399788,51.386805],[1.401227,51.386439],[1.401586,51.386814],[1.402001,51.386573],[1.401363,51.385765],[1.401601,51.385566]]]}},{"type":"Feature","properties":{"area_id":"E00125166","people":530,"households":232,"cars_owned":131,"baseline_cars":104,"cars_activated":98,"cars_saved":6,"people_seated":377,"people_unmet":153,"unmet_pct":28.87,"mean_occupancy":5.0,"median_walk_m":30.9},"geometry":{"type":"Polygon","coordinates":[[[1.390536,51.390727],[1.391051,51.390791],[1.39157,51.39051],[1.391306,51.389983],[1.391528,51.389533],[1.392345,51.38956],[1.392279,51.388852],[1.391361,51.389186],[1.390664,51.389122],[1.390302,51.388635],[1.390188,51.388907],[1.389332,51.388945],[1.388961,51.38937],[1.389461,51.389437],[1.389349,51.389769],[1.389212,51.389899],[1.389738,51.389847],[1.390089,51.390863],[1.390536,51.390727]]]}},{"type":"Feature","properties":{"area_id":"E00125174","people":461,"households":208,"cars_owned":139,"baseline_cars":105,"cars_activated":74,"cars_saved":31,"people_seated":375,"people_unmet":86,"unmet_pct":18.66,"mean_occupancy":5.0,"median_walk_m":42.9},"geometry":{"type":"Polygon","coordinates":[[[1.393432,51.390239],[1.393426,51.389168],[1.39295,51.388977],[1.393678,51.388705],[1.393635,51.388609],[1.391597,51.387074],[1.391499,51.387062],[1.391407,51.387364],[1.389887,51.38839],[1.391452,51.388085],[1.392279,51.388852],[1.392345,51.38956],[1.391528,51.389533],[1.391306,51.389983],[1.39157,51.39051],[1.393432,51.390239]]]}},{"type":"Feature","properties":{"area_id":"E00125180","people":334,"households":127,"cars_owned":140,"baseline_cars":100,"cars_activated":75,"cars_saved":25,"people_seated":275,"people_unmet":59,"unmet_pct":17.66,"mean_occupancy":4.95,"median_walk_m":25.4},"geometry":{"type":"Polygon","coordinates":[[[1.394108,51.381406],[1.394092,51.381077],[1.391907,51.380713],[1.393415,51.379967],[1.395641,51.378227],[1.395527,51.377758],[1.392854,51.378683],[1.388835,51.380074],[1.388828,51.380076],[1.390207,51.38169],[1.390454,51.381896],[1.390849,51.382105],[1.391506,51.382044],[1.392338,51.381201],[1.394108,51.381406]]]}},{"type":"Feature","properties":{"area_id":"E00125185","people":308,"households":124,"cars_owned":149,"baseline_cars":102,"cars_activated":72,"cars_saved":30,"people_seated":301,"people_unmet":7,"unmet_pct":2.27,"mean_occupancy":5.0,"median_walk_m":28.5},"geometry":{"type":"Polygon","coordinates":[[[1.40865,51.379516],[1.408509,51.379219],[1.409042,51.379029],[1.408059,51.37743],[1.40771,51.376858],[1.40776,51.377168],[1.40726,51.37735],[1.406851,51.377434],[1.406341,51.37709],[1.404464,51.377573],[1.404876,51.378351],[1.405928,51.378036],[1.406772,51.379519],[1.408224,51.379283],[1.408326,51.379574],[1.40865,51.379516]]]}},{"type":"Feature","properties":{"area_id":"E00125186","people":243,"households":107,"cars_owned":140,"baseline_cars":86,"cars_activated":58,"cars_saved":28,"people_seated":238,"people_unmet":5,"unmet_pct":2.06,"mean_occupancy":4.91,"median_walk_m":40.3},"geometry":{"type":"Polygon","coordinates":[[[1.404503,51.380827],[1.404714,51.3804],[1.404969,51.380333],[1.408326,51.379574],[1.408224,51.379283],[1.406772,51.379519],[1.405928,51.378036],[1.404876,51.378351],[1.405009,51.37864],[1.403413,51.378996],[1.404141,51.379874],[1.403592,51.380351],[1.403849,51.38058],[1.403456,51.380621],[1.40321,51.381011],[1.404503,51.380827]]]}},{"type":"Feature","properties":{"area_id":"E00125204","people":199,"households":118,"cars_owned":62,"baseline_cars":53,"cars_activated":40,"cars_saved":13,"people_seated":190,"people_unmet":9,"unmet_pct":4.52,"mean_occupancy":5.0,"median_walk_m":27.6},"geometry":{"type":"Polygon","coordinates":[[[1.421551,51.337966],[1.42133,51.337632],[1.421109,51.33728],[1.421992,51.337003],[1.421589,51.33678],[1.422121,51.336545],[1.421713,51.336358],[1.421088,51.336338],[1.420699,51.336779],[1.419688,51.337073],[1.41869,51.336058],[1.417569,51.33638],[1.417245,51.336999],[1.41794,51.337208],[1.420609,51.338081],[1.421551,51.337966]]]}},{"type":"Feature","properties":{"area_id":"E00125211","people":336,"households":160,"cars_owned":109,"baseline_cars":81,"cars_activated":39,"cars_saved":42,"people_seated":325,"people_unmet":11,"unmet_pct":3.27,"mean_occupancy":4.9,"median_walk_m":59.4},"geometry":{"type":"Polygon","coordinates":[[[1.421196,51.335034],[1.421299,51.334612],[1.421895,51.334867],[1.422433,51.334465],[1.422127,51.334102],[1.421613,51.333994],[1.421285,51.334413],[1.420763,51.333849],[1.420153,51.333827],[1.422084,51.333558],[1.4214,51.333059],[1.422296,51.332069],[1.420872,51.332358],[1.418752,51.334261],[1.419331,51.3352],[1.420102,51.334557],[1.42081,51.335193],[1.421196,51.335034]]]}},{"type":"Feature","properties":{"area_id":"E00125222","people":421,"households":184,"cars_owned":143,"baseline_cars":98,"cars_activated":84,"cars_saved":14,"people_seated":399,"people_unmet":22,"unmet_pct":5.23,"mean_occupancy":5.0,"median_walk_m":41.9},"geometry":{"type":"Polygon","coordinates":[[[1.425473,51.338677],[1.42583,51.338487],[1.425644,51.338041],[1.42428,51.338531],[1.424312,51.337679],[1.423996,51.337466],[1.422471,51.337845],[1.422336,51.337297],[1.42133,51.337632],[1.421551,51.337966],[1.421891,51.338423],[1.422481,51.33912],[1.422782,51.339003],[1.423663,51.339889],[1.425473,51.338677]]]}},{"type":"Feature","properties":{"area_id":"E00125227","people":240,"households":158,"cars_owned":106,"baseline_cars":90,"cars_activated":43,"cars_saved":47,"people_seated":220,"people_unmet":20,"unmet_pct":8.33,"mean_occupancy":4.95,"median_walk_m":23.2},"geometry":{"type":"Polygon","coordinates":[[[1.428908,51.336911],[1.429833,51.33634],[1.426846,51.334349],[1.426241,51.334657],[1.426679,51.335138],[1.426199,51.335444],[1.42607,51.335738],[1.428097,51.33694],[1.428908,51.336911]]]}},{"type":"Feature","properties":{"area_id":"E00125233","people":248,"households":126,"cars_owned":103,"baseline_cars":68,"cars_activated":51,"cars_saved":17,"people_seated":243,"people_unmet":5,"unmet_pct":2.02,"mean_occupancy":5.0,"median_walk_m":40.6},"geometry":{"type":"Polygon","coordinates":[[[1.357644,51.378252],[1.35698,51.378441],[1.356859,51.378013],[1.356287,51.377943],[1.355731,51.377957],[1.355445,51.378341],[1.355026,51.378366],[1.355055,51.378005],[1.354613,51.37822],[1.354722,51.379409],[1.352668,51.379451],[1.352839,51.379857],[1.355338,51.379815],[1.356319,51.380103],[1.356484,51.378893],[1.35685,51.378872],[1.357206,51.3795],[1.357882,51.379319],[1.357644,51.378252]]]}},{"type":"Feature","properties":{"area_id":"E00125254","people":351,"households":185,"cars_owned":122,"baseline_cars":100,"cars_activated":58,"cars_saved":42,"people_seated":311,"people_unmet":40,"unmet_pct":11.4,"mean_occupancy":5.0,"median_walk_m":52.0},"geometry":{"type":"Polygon","coordinates":[[[1.385012,51.387061],[1.384504,51.386534],[1.386536,51.385842],[1.385857,51.385228],[1.386867,51.385149],[1.386378,51.384548],[1.385348,51.383862],[1.384959,51.383954],[1.385089,51.385053],[1.384442,51.385221],[1.384101,51.384986],[1.384775,51.384624],[1.383854,51.383946],[1.384144,51.384556],[1.383397,51.384648],[1.383869,51.385538],[1.383289,51.385501],[1.383159,51.385685],[1.384232,51.386179],[1.384257,51.386907],[1.382584,51.387018],[1.382564,51.387729],[1.384951,51.387309],[1.385012,51.387061]]]}},{"type":"Feature","properties":{"area_id":"E00125264","people":221,"households":130,"cars_owned":80,"baseline_cars":64,"cars_activated":53,"cars_saved":11,"people_seated":170,"people_unmet":51,"unmet_pct":23.08,"mean_occupancy":4.96,"median_walk_m":22.9},"geometry":{"type":"Polygon","coordinates":[[[1.387252,51.391642],[1.387333,51.391361],[1.385371,51.391407],[1.384483,51.390314],[1.384003,51.390303],[1.384004,51.390933],[1.383066,51.390675],[1.383041,51.391152],[1.384305,51.391835],[1.387252,51.391642]]]}},{"type":"Feature","properties":{"area_id":"E00125273","people":238,"households":130,"cars_owned":141,"baseline_cars":106,"cars_activated":65,"cars_saved":41,"people_seated":235,"people_unmet":3,"unmet_pct":1.26,"mean_occupancy":5.0,"median_walk_m":22.8},"geometry":{"type":"Polygon","coordinates":[[[1.392108,51.338405],[1.391367,51.338085],[1.390188,51.335347],[1.389485,51.335333],[1.389563,51.335508],[1.387937,51.335725],[1.38896,51.337897],[1.389519,51.33789],[1.389751,51.338261],[1.38964,51.338786],[1.391949,51.339092],[1.392108,51.338405]]]}},{"type":"Feature","properties":{"area_id":"E00125279","people":263,"households":120,"cars_owned":161,"baseline_cars":101,"cars_activated":48,"cars_saved":53,"people_seated":249,"people_unmet":14,"unmet_pct":5.32,"mean_occupancy":4.98,"median_walk_m":49.0},"geometry":{"type":"Polygon","coordinates":[[[1.396274,51.338906],[1.395743,51.338568],[1.396062,51.338163],[1.39556,51.33719],[1.394524,51.337426],[1.39434,51.336982],[1.393337,51.337253],[1.393215,51.33701],[1.392127,51.337141],[1.39267,51.33829],[1.392108,51.338405],[1.391949,51.339092],[1.396023,51.339631],[1.396274,51.338906]]]}},{"type":"Feature","properties":{"area_id":"E00125280","people":254,"households":124,"cars_owned":166,"baseline_cars":109,"cars_activated":66,"cars_saved":43,"people_seated":247,"people_unmet":7,"unmet_pct":2.76,"mean_occupancy":4.94,"median_walk_m":39.6},"geometry":{"type":"Polygon","coordinates":[[[1.387937,51.335725],[1.387096,51.33587],[1.388049,51.337842],[1.38764,51.337977],[1.387072,51.337701],[1.386278,51.33603],[1.38586,51.336093],[1.386241,51.336873],[1.385683,51.336709],[1.384731,51.336943],[1.386152,51.337744],[1.386368,51.338352],[1.38964,51.338786],[1.389751,51.338261],[1.389519,51.33789],[1.38896,51.337897],[1.387937,51.335725]]]}},{"type":"Feature","properties":{"area_id":"E00125285","people":326,"households":135,"cars_owned":162,"baseline_cars":109,"cars_activated":100,"cars_saved":9,"people_seated":321,"people_unmet":5,"unmet_pct":1.53,"mean_occupancy":4.96,"median_walk_m":27.4},"geometry":{"type":"Polygon","coordinates":[[[1.398624,51.345571],[1.398703,51.344977],[1.398995,51.343384],[1.39852,51.343282],[1.398414,51.342492],[1.397655,51.341886],[1.395841,51.342415],[1.396192,51.343269],[1.395747,51.343456],[1.396715,51.344424],[1.396385,51.344668],[1.39671,51.345235],[1.397424,51.345372],[1.397644,51.345929],[1.398624,51.345571]]]}},{"type":"Feature","properties":{"area_id":"E00125286","people":318,"households":122,"cars_owned":121,"baseline_cars":90,"cars_activated":75,"cars_saved":15,"people_seated":291,"people_unmet":27,"unmet_pct":8.49,"mean_occupancy":5.0,"median_walk_m":30.5},"geometry":{"type":"Polygon","coordinates":[[[1.398766,51.340975],[1.397655,51.341886],[1.398414,51.342492],[1.399193,51.342509],[1.400261,51.341466],[1.398766,51.340975]]]}},{"type":"Feature","properties":{"area_id":"E00125312","people":308,"households":117,"cars_owned":110,"baseline_cars":78,"cars_activated":45,"cars_saved":33,"people_seated":277,"people_unmet":31,"unmet_pct":10.06,"mean_occupancy":5.0,"median_walk_m":54.0},"geometry":{"type":"Polygon","coordinates":[[[1.407181,51.346105],[1.407283,51.345789],[1.406868,51.345673],[1.40538,51.345815],[1.403668,51.346746],[1.404061,51.34708],[1.403689,51.347795],[1.404598,51.348899],[1.405335,51.348974],[1.405218,51.347761],[1.406173,51.346608],[1.407181,51.346105]]]}},{"type":"Feature","properties":{"area_id":"E00125317","people":315,"households":126,"cars_owned":144,"baseline_cars":100,"cars_activated":37,"cars_saved":63,"people_seated":310,"people_unmet":5,"unmet_pct":1.59,"mean_occupancy":5.0,"median_walk_m":56.9},"geometry":{"type":"Polygon","coordinates":[[[1.408569,51.346729],[1.409742,51.3467],[1.408848,51.345696],[1.409173,51.345014],[1.40882,51.344401],[1.407807,51.344333],[1.40535,51.343911],[1.405958,51.343158],[1.405703,51.342481],[1.40381,51.343461],[1.403955,51.343894],[1.404948,51.343833],[1.404718,51.344066],[1.405043,51.344428],[1.407227,51.344806],[1.406634,51.345139],[1.406868,51.345673],[1.407283,51.345789],[1.407181,51.346105],[1.4076,51.346238],[1.407887,51.345852],[1.408338,51.345987],[1.407928,51.346795],[1.408569,51.346729]]]}},{"type":"Feature","properties":{"area_id":"E00125321","people":257,"households":137,"cars_owned":161,"baseline_cars":110,"cars_activated":31,"cars_saved":79,"people_seated":254,"people_unmet":3,"unmet_pct":1.17,"mean_occupancy":4.87,"median_walk_m":55.0},"geometry":{"type":"Polygon","coordinates":[[[1.402006,51.355064],[1.402904,51.354909],[1.403001,51.354469],[1.402552,51.354009],[1.401047,51.353801],[1.40211,51.352606],[1.401179,51.352804],[1.400791,51.353198],[1.400053,51.353038],[1.398743,51.353461],[1.398039,51.353776],[1.398466,51.354248],[1.399134,51.354396],[1.399173,51.353974],[1.400274,51.353816],[1.399234,51.355121],[1.400202,51.355403],[1.400603,51.35511],[1.401061,51.355625],[1.402006,51.355064]]]}},{"type":"Feature","properties":{"area_id":"E00125334","people":182,"households":116,"cars_owned":66,"baseline_cars":58,"cars_activated":29,"cars_saved":29,"people_seated":177,"people_unmet":5,"unmet_pct":2.75,"mean_occupancy":5.0,"median_walk_m":43.6},"geometry":{"type":"Polygon","coordinates":[[[1.419844,51.369353],[1.420018,51.368944],[1.419239,51.368813],[1.419552,51.368352],[1.417648,51.367343],[1.418565,51.366717],[1.419532,51.366606],[1.418935,51.365901],[1.419132,51.365484],[1.419467,51.365366],[1.420238,51.36598],[1.420823,51.365846],[1.419873,51.365195],[1.420475,51.364788],[1.420165,51.364707],[1.421127,51.36431],[1.420294,51.364288],[1.419044,51.364749],[1.419211,51.365047],[1.418225,51.365114],[1.415845,51.366927],[1.414957,51.369084],[1.415636,51.370808],[1.419844,51.369353]]]}},{"type":"Feature","properties":{"area_id":"E00125341","people":300,"households":120,"cars_owned":158,"baseline_cars":99,"cars_activated":56,"cars_saved":43,"people_seated":284,"people_unmet":16,"unmet_pct":5.33,"mean_occupancy":5.0,"median_walk_m":41.6},"geometry":{"type":"Polygon","coordinates":[[[1.422262,51.362577],[1.42294,51.362562],[1.422595,51.361915],[1.421541,51.361902],[1.421558,51.361487],[1.422976,51.36136],[1.423161,51.361748],[1.42388,51.361745],[1.425927,51.361452],[1.426631,51.36114],[1.426508,51.360748],[1.42617,51.359247],[1.425423,51.35926],[1.425211,51.358415],[1.424572,51.358489],[1.424235,51.35809],[1.42208,51.358473],[1.420772,51.358566],[1.420821,51.358859],[1.420289,51.358911],[1.420472,51.360684],[1.420283,51.361456],[1.419924,51.361386],[1.419829,51.361822],[1.421787,51.36276],[1.422262,51.362577]]]}},{"type":"Feature","properties":{"area_id":"E00125360","people":244,"households":130,"cars_owned":103,"baseline_cars":76,"cars_activated":43,"cars_saved":33,"people_seated":221,"people_unmet":23,"unmet_pct":9.43,"mean_occupancy":4.93,"median_walk_m":57.2},"geometry":{"type":"Polygon","coordinates":[[[1.392854,51.378683],[1.395527,51.377758],[1.404399,51.374694],[1.407477,51.373633],[1.402907,51.371364],[1.399295,51.372367],[1.396745,51.373646],[1.395721,51.374378],[1.394142,51.376408],[1.394848,51.376809],[1.39391,51.377113],[1.393254,51.377227],[1.393,51.377029],[1.393384,51.376838],[1.392361,51.376229],[1.393393,51.374416],[1.391058,51.374105],[1.389175,51.375553],[1.388109,51.376416],[1.388721,51.376322],[1.38891,51.376591],[1.390496,51.377445],[1.391983,51.377543],[1.389577,51.379134],[1.392187,51.378029],[1.392854,51.378683]]]}},{"type":"Feature","properties":{"area_id":"E00125365","people":377,"households":119,"cars_owned":180,"baseline_cars":108,"cars_activated":86,"cars_saved":22,"people_seated":361,"people_unmet":16,"unmet_pct":4.24,"mean_occupancy":4.92,"median_walk_m":33.6},"geometry":{"type":"Polygon","coordinates":[[[1.418344,51.347376],[1.417666,51.347145],[1.417744,51.346873],[1.419232,51.346199],[1.418804,51.345991],[1.417315,51.345512],[1.416388,51.345171],[1.416182,51.34773],[1.417155,51.347682],[1.417394,51.348083],[1.41776,51.348038],[1.417654,51.347581],[1.418344,51.347376]]]}},{"type":"Feature","properties":{"area_id":"E00125366","people":262,"households":130,"cars_owned":135,"baseline_cars":94,"cars_activated":48,"cars_saved":46,"people_seated":259,"people_unmet":3,"unmet_pct":1.15,"mean_occupancy":4.96,"median_walk_m":35.5},"geometry":{"type":"Polygon","coordinates":[[[1.420793,51.347788],[1.42129,51.34724],[1.420789,51.346928],[1.421199,51.346704],[1.419399,51.342594],[1.418485,51.343278],[1.418804,51.345991],[1.419232,51.346199],[1.417744,51.346873],[1.417666,51.347145],[1.418344,51.347376],[1.419202,51.348261],[1.419238,51.348508],[1.420625,51.34839],[1.420448,51.34787],[1.420793,51.347788]]]}},{"type":"Feature","properties":{"area_id":"E00125370","people":323,"households":141,"cars_owned":203,"baseline_cars":120,"cars_activated":58,"cars_saved":62,"people_seated":297,"people_unmet":26,"unmet_pct":8.05,"mean_occupancy":4.98,"median_walk_m":46.4},"geometry":{"type":"Polygon","coordinates":[[[1.43633,51.342693],[1.435261,51.341377],[1.43523,51.341386],[1.43197,51.340699],[1.430384,51.342055],[1.429429,51.341382],[1.428915,51.341407],[1.429394,51.34195],[1.428372,51.342432],[1.42921,51.343302],[1.430429,51.342872],[1.430849,51.344135],[1.433421,51.344244],[1.43633,51.342693]]]}},{"type":"Feature","properties":{"area_id":"E00125375","people":330,"households":146,"cars_owned":150,"baseline_cars":100,"cars_activated":41,"cars_saved":59,"people_seated":302,"people_unmet":28,"unmet_pct":8.48,"mean_occupancy":5.0,"median_walk_m":38.4},"geometry":{"type":"Polygon","coordinates":[[[1.427148,51.340935],[1.428439,51.340525],[1.429546,51.340065],[1.429252,51.339837],[1.42695,51.339614],[1.426033,51.338668],[1.425473,51.338677],[1.423663,51.339889],[1.42327,51.340081],[1.423651,51.340572],[1.424675,51.341281],[1.425952,51.341019],[1.425754,51.340738],[1.426313,51.340347],[1.427252,51.340696],[1.427148,51.340935]]]}},{"type":"Feature","properties":{"area_id":"E00125376","people":263,"households":120,"cars_owned":146,"baseline_cars":96,"cars_activated":26,"cars_saved":70,"people_seated":253,"people_unmet":10,"unmet_pct":3.8,"mean_occupancy":4.96,"median_walk_m":80.2},"geometry":{"type":"Polygon","coordinates":[[[1.435261,51.341377],[1.432896,51.338462],[1.429953,51.336258],[1.429952,51.336257],[1.429833,51.33634],[1.428908,51.336911],[1.428345,51.337201],[1.428565,51.337469],[1.42781,51.337833],[1.428638,51.338251],[1.428256,51.338515],[1.428877,51.338911],[1.430017,51.339239],[1.430763,51.338452],[1.431281,51.338652],[1.431709,51.338454],[1.431364,51.339017],[1.431658,51.339396],[1.430919,51.339555],[1.430712,51.340203],[1.43197,51.340699],[1.43523,51.341386],[1.435261,51.341377]]]}},{"type":"Feature","properties":{"area_id":"E00125381","people":316,"households":131,"cars_owned":220,"baseline_cars":123,"cars_activated":77,"cars_saved":46,"people_seated":307,"people_unmet":9,"unmet_pct":2.85,"mean_occupancy":5.0,"median_walk_m":29.3},"geometry":{"type":"Polygon","coordinates":[[[1.340826,51.353582],[1.339677,51.352579],[1.337482,51.35358],[1.337049,51.353236],[1.33524,51.353038],[1.333834,51.352144],[1.326962,51.354906],[1.325171,51.350977],[1.31982,51.352494],[1.319975,51.352726],[1.317106,51.353174],[1.316677,51.352304],[1.314934,51.352632],[1.314369,51.351287],[1.311841,51.35138],[1.311817,51.352168],[1.309842,51.352312],[1.309224,51.353826],[1.305349,51.353412],[1.305408,51.356811],[1.302659,51.356986],[1.303898,51.360331],[1.295026,51.363114],[1.29547,51.363504],[1.296678,51.363133],[1.302362,51.362546],[1.311786,51.36158],[1.318394,51.361076],[1.320974,51.361396],[1.324031,51.362192],[1.325441,51.362744],[1.330579,51.359353],[1.340826,51.353582]]]}},{"type":"Feature","properties":{"area_id":"E00125391","people":286,"households":131,"cars_owned":183,"baseline_cars":112,"cars_activated":55,"cars_saved":57,"people_seated":280,"people_unmet":6,"unmet_pct":2.1,"mean_occupancy":4.91,"median_walk_m":92.2},"geometry":{"type":"Polygon","coordinates":[[[1.315187,51.339776],[1.314958,51.339483],[1.313615,51.339282],[1.313202,51.338328],[1.313502,51.338053],[1.313119,51.338075],[1.313003,51.337704],[1.311947,51.337818],[1.31174,51.337154],[1.310989,51.337366],[1.310918,51.337663],[1.310322,51.337441],[1.309128,51.337178],[1.306276,51.337275],[1.301243,51.342043],[1.300526,51.343738],[1.310735,51.344194],[1.310625,51.343318],[1.31299,51.34268],[1.314739,51.341007],[1.315187,51.339776]]]}},{"type":"Feature","properties":{"area_id":"E00125410","people":239,"households":118,"cars_owned":149,"baseline_cars":95,"cars_activated":42,"cars_saved":53,"people_seated":227,"people_unmet":12,"unmet_pct":5.02,"mean_occupancy":4.86,"median_walk_m":59.7},"geometry":{"type":"Polygon","coordinates":[[[1.441009,51.355289],[1.441426,51.355089],[1.440522,51.354841],[1.440947,51.354797],[1.440829,51.354206],[1.441289,51.354155],[1.441312,51.353785],[1.441996,51.353735],[1.441982,51.353458],[1.441659,51.352919],[1.44069,51.353064],[1.440784,51.352493],[1.440174,51.352016],[1.439716,51.352047],[1.439739,51.352337],[1.438829,51.352295],[1.438972,51.353258],[1.436439,51.353424],[1.436893,51.355362],[1.438365,51.355464],[1.441009,51.355289]]]}},{"type":"Feature","properties":{"area_id":"E00125415","people":244,"households":134,"cars_owned":126,"baseline_cars":95,"cars_activated":34,"cars_saved":61,"people_seated":211,"people_unmet":33,"unmet_pct":13.52,"mean_occupancy":4.97,"median_walk_m":66.6},"geometry":{"type":"Polygon","coordinates":[[[1.428598,51.350694],[1.428895,51.350316],[1.427665,51.349488],[1.427797,51.348147],[1.426946,51.347749],[1.427776,51.346976],[1.42946,51.347899],[1.430313,51.347227],[1.427773,51.346111],[1.427379,51.346695],[1.426212,51.347604],[1.426308,51.348144],[1.425709,51.348192],[1.426054,51.349598],[1.426775,51.349468],[1.427094,51.349681],[1.426826,51.351109],[1.427542,51.351635],[1.42842,51.351723],[1.428598,51.350694]]]}},{"type":"Feature","properties":{"area_id":"E00125416","people":432,"households":195,"cars_owned":317,"baseline_cars":183,"cars_activated":91,"cars_saved":92,"people_seated":430,"people_unmet":2,"unmet_pct":0.46,"mean_occupancy":4.84,"median_walk_m":50.9},"geometry":{"type":"Polygon","coordinates":[[[1.440174,51.352016],[1.440335,51.351669],[1.441638,51.351542],[1.441684,51.351274],[1.440903,51.349608],[1.439463,51.348985],[1.437577,51.348932],[1.438078,51.348391],[1.434898,51.349073],[1.433503,51.348946],[1.433658,51.3496],[1.432876,51.349655],[1.433694,51.350216],[1.43775,51.350976],[1.437082,51.351501],[1.4365,51.351145],[1.435159,51.351038],[1.433745,51.351736],[1.436439,51.353424],[1.438972,51.353258],[1.438829,51.352295],[1.439739,51.352337],[1.439716,51.352047],[1.440174,51.352016]]]}},{"type":"Feature","properties":{"area_id":"E00125424","people":294,"households":120,"cars_owned":149,"baseline_cars":100,"cars_activated":30,"cars_saved":70,"people_seated":293,"people_unmet":1,"unmet_pct":0.34,"mean_occupancy":4.83,"median_walk_m":50.8},"geometry":{"type":"Polygon","coordinates":[[[1.434998,51.358175],[1.438159,51.356936],[1.43861,51.357223],[1.438992,51.357062],[1.43912,51.356525],[1.438753,51.356344],[1.438328,51.355952],[1.435053,51.357214],[1.434745,51.356876],[1.433875,51.357056],[1.433949,51.358544],[1.434701,51.358679],[1.434553,51.35836],[1.434998,51.358175]]]}},{"type":"Feature","properties":{"area_id":"E00166925","people":166,"households":87,"cars_owned":121,"baseline_cars":75,"cars_activated":43,"cars_saved":32,"people_seated":166,"people_unmet":0,"unmet_pct":0.0,"mean_occupancy":4.84,"median_walk_m":69.3},"geometry":{"type":"Polygon","coordinates":[[[1.383917,51.348263],[1.381893,51.347649],[1.380442,51.347448],[1.375706,51.347693],[1.371631,51.348519],[1.370723,51.347266],[1.369305,51.347788],[1.368741,51.346608],[1.367906,51.346376],[1.368449,51.345903],[1.368231,51.345643],[1.366764,51.345203],[1.367465,51.344359],[1.365218,51.343326],[1.359826,51.342989],[1.361535,51.347633],[1.362281,51.349333],[1.365235,51.353039],[1.367715,51.355682],[1.373795,51.358135],[1.377049,51.358624],[1.386177,51.359728],[1.385378,51.352933],[1.384207,51.352896],[1.383917,51.348263]]]}},{"type":"Feature","properties":{"area_id":"E00125134","people":287,"households":124,"cars_owned":221,"baseline_cars":115,"cars_activated":52,"cars_saved":63,"people_seated":287,"people_unmet":0,"unmet_pct":0.0,"mean_occupancy":4.88,"median_walk_m":54.6},"geometry":{"type":"Polygon","coordinates":[[[1.409534,51.390316],[1.408751,51.38892],[1.409823,51.388759],[1.409717,51.388266],[1.410433,51.388285],[1.40915,51.386258],[1.409134,51.38625],[1.408677,51.386505],[1.409257,51.38735],[1.407968,51.387563],[1.407763,51.387215],[1.407628,51.387603],[1.407176,51.387257],[1.405399,51.387569],[1.405429,51.387865],[1.406081,51.388941],[1.405968,51.389625],[1.406493,51.390655],[1.408993,51.390255],[1.409215,51.390598],[1.409534,51.390316]]]}},{"type":"Feature","properties":{"area_id":"E00125191","people":315,"households":113,"cars_owned":162,"baseline_cars":90,"cars_activated":51,"cars_saved":39,"people_seated":315,"people_unmet":0,"unmet_pct":0.0,"mean_occupancy":4.86,"median_walk_m":42.3},"geometry":{"type":"Polygon","coordinates":[[[1.404876,51.378351],[1.404464,51.377573],[1.404046,51.377211],[1.402818,51.377264],[1.401777,51.378392],[1.402201,51.378682],[1.401576,51.379236],[1.401931,51.379673],[1.403592,51.380351],[1.404141,51.379874],[1.403413,51.378996],[1.405009,51.37864],[1.404876,51.378351]]]}},{"type":"Feature","properties":{"area_id":"E00125205","people":135,"households":117,"cars_owned":36,"baseline_cars":36,"cars_activated":33,"cars_saved":3,"people_seated":135,"people_unmet":0,"unmet_pct":0.0,"mean_occupancy":5.0,"median_walk_m":19.0},"geometry":{"type":"Polygon","coordinates":[[[1.426241,51.334657],[1.426007,51.334355],[1.42547,51.334706],[1.425759,51.334974],[1.426199,51.335444],[1.426679,51.335138],[1.426241,51.334657]]]}},{"type":"Feature","properties":{"area_id":"E00125266","people":179,"households":128,"cars_owned":62,"baseline_cars":50,"cars_activated":39,"cars_saved":11,"people_seated":179,"people_unmet":0,"unmet_pct":0.0,"mean_occupancy":4.95,"median_walk_m":25.4},"geometry":{"type":"Polygon","coordinates":[[[1.384483,51.390314],[1.386023,51.389961],[1.38615,51.38967],[1.385457,51.389506],[1.383747,51.389728],[1.383544,51.390097],[1.382891,51.390147],[1.383139,51.390365],[1.382505,51.390429],[1.383066,51.390675],[1.384004,51.390933],[1.384003,51.390303],[1.384483,51.390314]]]}},{"type":"Feature","properties":{"area_id":"E00125401","people":217,"households":96,"cars_owned":159,"baseline_cars":86,"cars_activated":44,"cars_saved":42,"people_seated":217,"people_unmet":0,"unmet_pct":0.0,"mean_occupancy":4.93,"median_walk_m":84.0},"geometry":{"type":"Polygon","coordinates":[[[1.250971,51.348967],[1.252379,51.34972],[1.253477,51.349225],[1.249738,51.347458],[1.249196,51.347733],[1.24894,51.347552],[1.250351,51.346781],[1.250451,51.347067],[1.254249,51.348781],[1.255677,51.347545],[1.253718,51.346551],[1.260307,51.344567],[1.255461,51.33953],[1.255245,51.339164],[1.256855,51.339119],[1.2532,51.332895],[1.250525,51.329443],[1.249834,51.329381],[1.247823,51.329718],[1.246793,51.33021],[1.244746,51.332148],[1.244655,51.333144],[1.242623,51.334768],[1.238126,51.336028],[1.233092,51.338172],[1.231202,51.339483],[1.229747,51.342546],[1.227693,51.3447],[1.227673,51.345529],[1.228291,51.346501],[1.229847,51.346524],[1.23147,51.347159],[1.233294,51.346359],[1.234309,51.345459],[1.2394,51.345211],[1.241388,51.344733],[1.24188,51.345288],[1.240932,51.345697],[1.240844,51.346079],[1.238961,51.34657],[1.240693,51.347783],[1.24288,51.346747],[1.245357,51.348882],[1.245855,51.348665],[1.248082,51.350188],[1.249643,51.34918],[1.248193,51.348354],[1.248942,51.347881],[1.250971,51.348967]]]}},{"type":"Feature","properties":{"area_id":"E00125414","people":246,"households":118,"cars_owned":160,"baseline_cars":102,"cars_activated":25,"cars_saved":77,"people_seated":246,"people_unmet":0,"unmet_pct":0.0,"mean_occupancy":4.68,"median_walk_m":67.2},"geometry":{"type":"Polygon","coordinates":[[[1.426826,51.352659],[1.42723,51.352184],[1.426417,51.352139],[1.426581,51.351639],[1.427542,51.351635],[1.426826,51.351109],[1.426181,51.351623],[1.42583,51.351352],[1.424932,51.351358],[1.424878,51.351118],[1.423993,51.351383],[1.423192,51.350904],[1.423032,51.351173],[1.422377,51.349825],[1.421396,51.349786],[1.423612,51.354897],[1.425087,51.354611],[1.424691,51.354046],[1.42396,51.353925],[1.423792,51.353288],[1.426605,51.353156],[1.426826,51.352659]]]}},{"type":"Feature","properties":{"area_id":"E00125032","people":300,"households":140,"cars_owned":233,"baseline_cars":128,"cars_activated":70,"cars_saved":58,"people_seated":300,"people_unmet":0,"unmet_pct":0.0,"mean_occupancy":4.87,"median_walk_m":42.5},"geometry":{"type":"Polygon","coordinates":[[[1.29281,51.382361],[1.292231,51.381398],[1.290383,51.382091],[1.289678,51.381838],[1.289128,51.382013],[1.28915,51.381723],[1.288335,51.381378],[1.288145,51.38177],[1.285747,51.380187],[1.28299,51.378969],[1.284682,51.377189],[1.285443,51.377085],[1.285218,51.376334],[1.285853,51.376144],[1.260983,51.374186],[1.264098,51.376691],[1.263105,51.377697],[1.263142,51.377699],[1.263184,51.377719],[1.263636,51.377939],[1.266321,51.378041],[1.268661,51.377593],[1.273197,51.377527],[1.278563,51.377944],[1.282914,51.379143],[1.285927,51.380471],[1.286078,51.381276],[1.286915,51.381905],[1.290092,51.382768],[1.29281,51.382361]]]}},{"type":"Feature","properties":{"area_id":"E00125040","people":255,"households":126,"cars_owned":169,"baseline_cars":106,"cars_activated":42,"cars_saved":64,"people_seated":255,"people_unmet":0,"unmet_pct":0.0,"mean_occupancy":4.83,"median_walk_m":58.8},"geometry":{"type":"Polygon","coordinates":[[[1.323154,51.37929],[1.31674,51.378443],[1.313515,51.378167],[1.313138,51.379092],[1.31049,51.378864],[1.309495,51.379147],[1.308752,51.37988],[1.309356,51.380219],[1.310048,51.379884],[1.310963,51.380174],[1.310924,51.38053],[1.310328,51.380509],[1.310421,51.381426],[1.311786,51.381548],[1.313407,51.380561],[1.314445,51.380298],[1.315737,51.380568],[1.31567,51.381212],[1.316284,51.381677],[1.319754,51.38201],[1.31978,51.382011],[1.320053,51.381069],[1.322283,51.381357],[1.323154,51.37929]]]}},{"type":"Feature","properties":{"area_id":"E00125045","people":267,"households":138,"cars_owned":170,"baseline_cars":116,"cars_activated":82,"cars_saved":34,"people_seated":267,"people_unmet":0,"unmet_pct":0.0,"mean_occupancy":5.0,"median_walk_m":24.3},"geometry":{"type":"Polygon","coordinates":[[[1.302473,51.370739],[1.302191,51.370432],[1.303309,51.369677],[1.302995,51.369381],[1.303994,51.368913],[1.305112,51.368873],[1.305543,51.368472],[1.304773,51.368551],[1.304303,51.368107],[1.304659,51.36782],[1.303545,51.367867],[1.302516,51.367361],[1.302155,51.368095],[1.300703,51.368714],[1.30095,51.368956],[1.299935,51.369383],[1.302226,51.370908],[1.302256,51.370925],[1.302473,51.370739]]]}},{"type":"Feature","properties":{"area_id":"E00125125","people":322,"households":135,"cars_owned":219,"baseline_cars":126,"cars_activated":42,"cars_saved":84,"people_seated":322,"people_unmet":0,"unmet_pct":0.0,"mean_occupancy":4.6,"median_walk_m":82.1},"geometry":{"type":"Polygon","coordinates":[[[1.379588,51.336176],[1.379295,51.335959],[1.379952,51.334545],[1.379902,51.333279],[1.379498,51.33267],[1.377744,51.331668],[1.37727,51.331852],[1.374894,51.331561],[1.370948,51.330707],[1.370693,51.332271],[1.369475,51.332064],[1.368321,51.333651],[1.367761,51.333759],[1.367912,51.33443],[1.373769,51.334281],[1.37403,51.334473],[1.371692,51.334916],[1.369106,51.335951],[1.368248,51.335822],[1.368291,51.336246],[1.367216,51.336281],[1.36746,51.335962],[1.367001,51.335894],[1.366281,51.333661],[1.362637,51.334888],[1.360558,51.334444],[1.361371,51.337766],[1.363617,51.337123],[1.364095,51.338202],[1.369523,51.337819],[1.36926,51.336223],[1.372383,51.336115],[1.377561,51.336432],[1.379588,51.336176]]]}},{"type":"Feature","properties":{"area_id":"E00125271","people":267,"households":124,"cars_owned":165,"baseline_cars":103,"cars_activated":61,"cars_saved":42,"people_seated":267,"people_unmet":0,"unmet_pct":0.0,"mean_occupancy":4.97,"median_walk_m":33.6},"geometry":{"type":"Polygon","coordinates":[[[1.3986,51.335323],[1.396289,51.334763],[1.393989,51.336199],[1.39434,51.336982],[1.394524,51.337426],[1.39556,51.33719],[1.396062,51.338163],[1.396588,51.338394],[1.396553,51.338086],[1.397098,51.33793],[1.396541,51.336623],[1.397545,51.336473],[1.397605,51.336002],[1.398849,51.335926],[1.3986,51.335323]]]}},{"type":"Feature","properties":{"area_id":"E00125399","people":327,"households":135,"cars_owned":228,"baseline_cars":120,"cars_activated":58,"cars_saved":62,"people_seated":327,"people_unmet":0,"unmet_pct":0.0,"mean_occupancy":4.88,"median_walk_m":60.8},"geometry":{"type":"Polygon","coordinates":[[[1.274773,51.349136],[1.273675,51.348802],[1.27316,51.348271],[1.270369,51.348608],[1.265537,51.348587],[1.261625,51.344333],[1.260307,51.344567],[1.253718,51.346551],[1.255677,51.347545],[1.254249,51.348781],[1.250451,51.347067],[1.250351,51.346781],[1.24894,51.347552],[1.249196,51.347733],[1.249738,51.347458],[1.253477,51.349225],[1.252379,51.34972],[1.250971,51.348967],[1.251798,51.350271],[1.251455,51.350985],[1.252526,51.352232],[1.254248,51.35309],[1.255277,51.352437],[1.255548,51.352752],[1.25744,51.352065],[1.259587,51.354612],[1.264471,51.355102],[1.266338,51.356111],[1.266804,51.35599],[1.26778,51.355483],[1.274773,51.349136]]]}},{"type":"Feature","properties":{"area_id":"E00125430","people":323,"households":133,"cars_owned":206,"baseline_cars":122,"cars_activated":68,"cars_saved":54,"people_seated":323,"people_unmet":0,"unmet_pct":0.0,"mean_occupancy":4.94,"median_walk_m":46.3},"geometry":{"type":"Polygon","coordinates":[[[1.359683,51.384852],[1.359807,51.383489],[1.359241,51.383401],[1.35787,51.383138],[1.356664,51.383302],[1.356548,51.382883],[1.357082,51.382922],[1.357149,51.382499],[1.358378,51.382157],[1.356621,51.381896],[1.356269,51.380686],[1.355221,51.380741],[1.355157,51.381138],[1.355769,51.381337],[1.355825,51.381753],[1.354402,51.382239],[1.355736,51.382591],[1.355826,51.382841],[1.354828,51.382761],[1.354823,51.383124],[1.355742,51.383378],[1.355868,51.384772],[1.356697,51.384917],[1.356726,51.385315],[1.35786,51.385292],[1.35787,51.38489],[1.359683,51.384852]]]}},{"type":"Feature","properties":{"area_id":"E00125064","people":261,"households":114,"cars_owned":127,"baseline_cars":85,"cars_activated":29,"cars_saved":56,"people_seated":261,"people_unmet":0,"unmet_pct":0.0,"mean_occupancy":4.76,"median_walk_m":88.1},"geometry":{"type":"Polygon","coordinates":[[[1.323486,51.370328],[1.334149,51.367504],[1.332509,51.36661],[1.327607,51.36502],[1.323339,51.363026],[1.324025,51.36281],[1.323536,51.362259],[1.324031,51.362192],[1.320974,51.361396],[1.318394,51.361076],[1.311786,51.36158],[1.309394,51.364095],[1.31015,51.367401],[1.310168,51.368421],[1.311554,51.368124],[1.312115,51.368293],[1.312685,51.369094],[1.311589,51.369571],[1.313355,51.369904],[1.313873,51.370269],[1.312328,51.371031],[1.311889,51.371891],[1.31175,51.372276],[1.311285,51.372215],[1.310697,51.372387],[1.311344,51.372611],[1.311924,51.372423],[1.312292,51.372692],[1.313138,51.372374],[1.313264,51.372908],[1.313864,51.373203],[1.314852,51.373038],[1.315378,51.373253],[1.314654,51.371861],[1.323486,51.370328]]]}},{"type":"Feature","properties":{"area_id":"E00125128","people":314,"households":123,"cars_owned":196,"baseline_cars":110,"cars_activated":50,"cars_saved":60,"people_seated":314,"people_unmet":0,"unmet_pct":0.0,"mean_occupancy":4.76,"median_walk_m":51.4},"geometry":{"type":"Polygon","coordinates":[[[1.396397,51.333381],[1.396735,51.332854],[1.397002,51.333033],[1.397601,51.332683],[1.397748,51.333126],[1.398438,51.333094],[1.398324,51.332266],[1.39872,51.332215],[1.400147,51.332027],[1.4,51.331627],[1.399457,51.331684],[1.399242,51.331415],[1.399622,51.330507],[1.399115,51.330085],[1.398493,51.330132],[1.397539,51.331633],[1.396421,51.331699],[1.396385,51.331147],[1.395759,51.330813],[1.395326,51.330921],[1.395692,51.331734],[1.395091,51.331971],[1.3952,51.332593],[1.394119,51.333122],[1.394022,51.333734],[1.394044,51.333798],[1.395333,51.333859],[1.395471,51.333559],[1.396397,51.333381]]]}},{"type":"Feature","properties":{"area_id":"E00125136","people":296,"households":127,"cars_owned":199,"baseline_cars":112,"cars_activated":59,"cars_saved":53,"people_seated":296,"people_unmet":0,"unmet_pct":0.0,"mean_occupancy":4.8,"median_walk_m":68.0},"geometry":{"type":"Polygon","coordinates":[[[1.434431,51.389438],[1.433984,51.389083],[1.432994,51.388288],[1.42928,51.389556],[1.428874,51.3889],[1.427304,51.389311],[1.426616,51.388922],[1.425363,51.389254],[1.424635,51.389063],[1.424744,51.389349],[1.424189,51.389618],[1.424504,51.390288],[1.423351,51.390449],[1.422617,51.390007],[1.420887,51.389941],[1.420635,51.390276],[1.418388,51.390215],[1.413254,51.390823],[1.410519,51.391119],[1.410316,51.391674],[1.408096,51.392368],[1.405576,51.392127],[1.403898,51.392021],[1.402933,51.392056],[1.403004,51.392294],[1.405421,51.392257],[1.407838,51.393173],[1.408469,51.392957],[1.408833,51.3923],[1.410393,51.39197],[1.41191,51.392288],[1.412145,51.392079],[1.419228,51.391579],[1.422958,51.392471],[1.423934,51.393429],[1.424961,51.393778],[1.426846,51.393236],[1.428991,51.391924],[1.434431,51.389438]]]}},{"type":"Feature","properties":{"area_id":"E00125239","people":358,"households":130,"cars_owned":220,"baseline_cars":113,"cars_activated":87,"cars_saved":26,"people_seated":358,"people_unmet":0,"unmet_pct":0.0,"mean_occupancy":4.91,"median_walk_m":29.3},"geometry":{"type":"Polygon","coordinates":[[[1.369058,51.380797],[1.368847,51.381008],[1.368052,51.380922],[1.367759,51.38023],[1.367198,51.380035],[1.36567,51.382291],[1.367092,51.382688],[1.366961,51.383135],[1.36743,51.38328],[1.366939,51.383811],[1.3687,51.384469],[1.370332,51.384307],[1.370182,51.383883],[1.371307,51.3839],[1.372607,51.382717],[1.370491,51.383552],[1.368755,51.383297],[1.368475,51.382381],[1.369472,51.381213],[1.369058,51.380797]]]}},{"type":"Feature","properties":{"area_id":"E00125462","people":397,"households":175,"cars_owned":226,"baseline_cars":156,"cars_activated":44,"cars_saved":112,"people_seated":394,"people_unmet":3,"unmet_pct":0.76,"mean_occupancy":5.0,"median_walk_m":46.0},"geometry":{"type":"Polygon","coordinates":[[[1.344122,51.380376],[1.343946,51.377651],[1.342906,51.37757],[1.341955,51.377576],[1.34178,51.378045],[1.342536,51.378591],[1.341778,51.378926],[1.340737,51.378795],[1.34072,51.378483],[1.340023,51.378826],[1.339846,51.379552],[1.338942,51.379572],[1.338994,51.379584],[1.340475,51.379958],[1.342716,51.380439],[1.344122,51.380376]]]}},{"type":"Feature","properties":{"area_id":"E00190155","people":341,"households":122,"cars_owned":134,"baseline_cars":83,"cars_activated":47,"cars_saved":36,"people_seated":338,"people_unmet":3,"unmet_pct":0.88,"mean_occupancy":4.94,"median_walk_m":56.9},"geometry":{"type":"Polygon","coordinates":[[[1.392027,51.345398],[1.392022,51.343372],[1.392537,51.343544],[1.393685,51.343211],[1.392447,51.342541],[1.392095,51.341981],[1.391684,51.34194],[1.389684,51.343292],[1.387367,51.344027],[1.389357,51.344419],[1.389801,51.346004],[1.390128,51.34564],[1.390747,51.345841],[1.391178,51.345454],[1.392006,51.345711],[1.392027,51.345398]]]}},{"type":"Feature","properties":{"area_id":"E00190208","people":302,"households":117,"cars_owned":159,"baseline_cars":105,"cars_activated":39,"cars_saved":66,"people_seated":286,"people_unmet":16,"unmet_pct":5.3,"mean_occupancy":4.85,"median_walk_m":65.2},"geometry":{"type":"Polygon","coordinates":[[[1.392962,51.360835],[1.389815,51.3594],[1.388835,51.36072],[1.388215,51.360812],[1.388907,51.361434],[1.389441,51.361575],[1.389234,51.361099],[1.391317,51.36217],[1.391944,51.361237],[1.392479,51.361349],[1.391627,51.362488],[1.392092,51.362531],[1.392962,51.360835]]]}},{"type":"Feature","properties":{"area_id":"E00125041","people":223,"households":130,"cars_owned":153,"baseline_cars":103,"cars_activated":29,"cars_saved":74,"people_seated":219,"people_unmet":4,"unmet_pct":1.79,"mean_occupancy":4.66,"median_walk_m":42.9},"geometry":{"type":"Polygon","coordinates":[[[1.288139,51.378275],[1.287832,51.378139],[1.286628,51.378255],[1.287104,51.377822],[1.286045,51.377352],[1.28566,51.377539],[1.285443,51.377085],[1.284682,51.377189],[1.28299,51.378969],[1.285747,51.380187],[1.286194,51.379814],[1.28716,51.380182],[1.286929,51.379775],[1.288503,51.37863],[1.288139,51.378275]]]}},{"type":"Feature","properties":{"area_id":"E00125058","people":329,"households":140,"cars_owned":163,"baseline_cars":110,"cars_activated":72,"cars_saved":38,"people_seated":322,"people_unmet":7,"unmet_pct":2.13,"mean_occupancy":4.94,"median_walk_m":21.5},"geometry":{"type":"Polygon","coordinates":[[[1.309191,51.370621],[1.309822,51.368625],[1.307806,51.369418],[1.307397,51.370312],[1.30587,51.370601],[1.304704,51.371396],[1.305042,51.371216],[1.30662,51.371845],[1.307284,51.372498],[1.308748,51.37067],[1.309191,51.370621]]]}},{"type":"Feature","properties":{"area_id":"E00125062","people":267,"households":121,"cars_owned":159,"baseline_cars":107,"cars_activated":53,"cars_saved":54,"people_seated":266,"people_unmet":1,"unmet_pct":0.37,"mean_occupancy":4.98,"median_walk_m":40.1},"geometry":{"type":"Polygon","coordinates":[[[1.309045,51.367688],[1.307918,51.367501],[1.307275,51.366794],[1.304659,51.36782],[1.304303,51.368107],[1.304773,51.368551],[1.305543,51.368472],[1.305112,51.368873],[1.305756,51.369344],[1.305422,51.369805],[1.305837,51.369908],[1.309295,51.368471],[1.308785,51.368214],[1.308763,51.367913],[1.309264,51.367938],[1.309045,51.367688]]]}},{"type":"Feature","properties":{"area_id":"E00125084","people":253,"households":120,"cars_owned":161,"baseline_cars":104,"cars_activated":21,"cars_saved":83,"people_seated":251,"people_unmet":2,"unmet_pct":0.79,"mean_occupancy":4.62,"median_walk_m":75.1},"geometry":{"type":"Polygon","coordinates":[[[1.4349,51.367478],[1.435897,51.367223],[1.436879,51.366476],[1.437076,51.36575],[1.43654,51.365531],[1.436232,51.365918],[1.435548,51.365839],[1.435088,51.366416],[1.433967,51.366557],[1.431247,51.366626],[1.432485,51.369004],[1.433018,51.36913],[1.434146,51.368532],[1.435245,51.36856],[1.435167,51.368174],[1.43447,51.368153],[1.4349,51.367478]]]}},{"type":"Feature","properties":{"area_id":"E00125108","people":381,"households":168,"cars_owned":165,"baseline_cars":118,"cars_activated":48,"cars_saved":70,"people_seated":376,"people_unmet":5,"unmet_pct":1.31,"mean_occupancy":4.92,"median_walk_m":46.7},"geometry":{"type":"Polygon","coordinates":[[[1.410426,51.332175],[1.411084,51.33223],[1.411495,51.331579],[1.410536,51.331351],[1.410365,51.33103],[1.41166,51.331319],[1.411788,51.331126],[1.410312,51.330717],[1.40988,51.330884],[1.40831,51.330415],[1.407981,51.331258],[1.408722,51.331532],[1.408784,51.332],[1.409744,51.332317],[1.410426,51.332175]]]}},{"type":"Feature","properties":{"area_id":"E00125121","people":283,"households":135,"cars_owned":196,"baseline_cars":118,"cars_activated":66,"cars_saved":52,"people_seated":276,"people_unmet":7,"unmet_pct":2.47,"mean_occupancy":4.98,"median_walk_m":50.4},"geometry":{"type":"Polygon","coordinates":[[[1.370922,51.328316],[1.36612,51.325868],[1.366106,51.32642],[1.36666,51.326752],[1.366272,51.32799],[1.366609,51.328546],[1.366517,51.328844],[1.365889,51.328833],[1.366011,51.329482],[1.365496,51.329516],[1.365837,51.330426],[1.366271,51.330468],[1.367407,51.330444],[1.367415,51.329997],[1.369228,51.329499],[1.370922,51.328316]]]}},{"type":"Feature","properties":{"area_id":"E00125133","people":275,"households":153,"cars_owned":157,"baseline_cars":114,"cars_activated":63,"cars_saved":51,"people_seated":273,"people_unmet":2,"unmet_pct":0.73,"mean_occupancy":4.97,"median_walk_m":29.7},"geometry":{"type":"Polygon","coordinates":[[[1.410519,51.391119],[1.410105,51.390293],[1.409534,51.390316],[1.409215,51.390598],[1.408993,51.390255],[1.406493,51.390655],[1.405968,51.389625],[1.405774,51.389275],[1.404459,51.389463],[1.404878,51.390645],[1.405737,51.3908],[1.405576,51.392127],[1.408096,51.392368],[1.410316,51.391674],[1.410519,51.391119]]]}},{"type":"Feature","properties":{"area_id":"E00125139","people":254,"households":116,"cars_owned":168,"baseline_cars":102,"cars_activated":52,"cars_saved":50,"people_seated":251,"people_unmet":3,"unmet_pct":1.18,"mean_occupancy":4.94,"median_walk_m":44.3},"geometry":{"type":"Polygon","coordinates":[[[1.432994,51.388288],[1.429537,51.385485],[1.42909,51.385747],[1.428494,51.385647],[1.428932,51.386309],[1.428467,51.386437],[1.428912,51.387029],[1.430489,51.386918],[1.43081,51.387144],[1.430279,51.387775],[1.430413,51.388495],[1.428874,51.3889],[1.42928,51.389556],[1.432994,51.388288]]]}},{"type":"Feature","properties":{"area_id":"E00125153","people":313,"households":126,"cars_owned":100,"baseline_cars":75,"cars_activated":61,"cars_saved":14,"people_seated":266,"people_unmet":47,"unmet_pct":15.02,"mean_occupancy":5.0,"median_walk_m":43.8},"geometry":{"type":"Polygon","coordinates":[[[1.388917,51.387968],[1.389293,51.387837],[1.389173,51.387475],[1.389624,51.387653],[1.391407,51.387364],[1.391499,51.387062],[1.390724,51.386233],[1.388737,51.386555],[1.38777,51.38702],[1.387245,51.386893],[1.387014,51.387229],[1.388033,51.387898],[1.388556,51.388151],[1.388917,51.387968]]]}},{"type":"Feature","properties":{"area_id":"E00125159","people":365,"households":142,"cars_owned":165,"baseline_cars":105,"cars_activated":74,"cars_saved":31,"people_seated":353,"people_unmet":12,"unmet_pct":3.29,"mean_occupancy":5.0,"median_walk_m":33.5},"geometry":{"type":"Polygon","coordinates":[[[1.396957,51.387102],[1.395523,51.386078],[1.396294,51.386018],[1.397697,51.386892],[1.398325,51.386559],[1.398488,51.385944],[1.397476,51.384959],[1.39804,51.38423],[1.396177,51.384205],[1.394059,51.386096],[1.395948,51.386947],[1.396473,51.387305],[1.396957,51.387102]]]}},{"type":"Feature","properties":{"area_id":"E00125169","people":277,"households":143,"cars_owned":80,"baseline_cars":64,"cars_activated":64,"cars_saved":0,"people_seated":254,"people_unmet":23,"unmet_pct":8.3,"mean_occupancy":5.0,"median_walk_m":23.3},"geometry":{"type":"Polygon","coordinates":[[[1.395478,51.391466],[1.395778,51.390863],[1.395811,51.390739],[1.394795,51.390982],[1.394917,51.38972],[1.394286,51.389704],[1.393874,51.390973],[1.394316,51.390978],[1.394328,51.391303],[1.395137,51.39106],[1.395473,51.39147],[1.395478,51.391466]]]}},{"type":"Feature","properties":{"area_id":"E00125172","people":331,"households":149,"cars_owned":103,"baseline_cars":87,"cars_activated":42,"cars_saved":45,"people_seated":282,"people_unmet":49,"unmet_pct":14.8,"mean_occupancy":5.0,"median_walk_m":38.8},"geometry":{"type":"Polygon","coordinates":[[[1.395811,51.390739],[1.396328,51.389355],[1.396912,51.389328],[1.396585,51.387959],[1.396399,51.387985],[1.395696,51.388674],[1.395886,51.389269],[1.395369,51.389499],[1.394662,51.389293],[1.394286,51.389704],[1.394917,51.38972],[1.394795,51.390982],[1.395811,51.390739]]]}},{"type":"Feature","properties":{"area_id":"E00125177","people":301,"households":122,"cars_owned":131,"baseline_cars":92,"cars_activated":83,"cars_saved":9,"people_seated":270,"people_unmet":31,"unmet_pct":10.3,"mean_occupancy":5.0,"median_walk_m":20.4},"geometry":{"type":"Polygon","coordinates":[[[1.400896,51.380588],[1.399275,51.380419],[1.399005,51.380832],[1.399291,51.381112],[1.39879,51.381611],[1.400118,51.382027],[1.401788,51.381563],[1.401867,51.381132],[1.400896,51.380588]]]}},{"type":"Feature","properties":{"area_id":"E00125183","people":298,"households":130,"cars_owned":191,"baseline_cars":108,"cars_activated":74,"cars_saved":34,"people_seated":292,"people_unmet":6,"unmet_pct":2.01,"mean_occupancy":4.91,"median_walk_m":47.3},"geometry":{"type":"Polygon","coordinates":[[[1.41587,51.3802],[1.414208,51.379774],[1.41377,51.380096],[1.413257,51.379572],[1.412063,51.379394],[1.409531,51.379382],[1.409624,51.379659],[1.409143,51.379824],[1.410156,51.382112],[1.41392,51.381291],[1.41587,51.3802]]]}},{"type":"Feature","properties":{"area_id":"E00125189","people":457,"households":167,"cars_owned":182,"baseline_cars":125,"cars_activated":90,"cars_saved":35,"people_seated":421,"people_unmet":36,"unmet_pct":7.88,"mean_occupancy":5.0,"median_walk_m":35.4},"geometry":{"type":"Polygon","coordinates":[[[1.409531,51.379382],[1.412063,51.379394],[1.412362,51.379395],[1.412306,51.378772],[1.412727,51.378678],[1.412551,51.378386],[1.411421,51.378513],[1.410839,51.377667],[1.41035,51.377846],[1.409939,51.377518],[1.409187,51.377182],[1.408059,51.37743],[1.409042,51.379029],[1.408509,51.379219],[1.40865,51.379516],[1.409531,51.379382]]]}},{"type":"Feature","properties":{"area_id":"E00125202","people":266,"households":145,"cars_owned":93,"baseline_cars":77,"cars_activated":65,"cars_saved":12,"people_seated":238,"people_unmet":28,"unmet_pct":10.53,"mean_occupancy":5.0,"median_walk_m":54.6},"geometry":{"type":"Polygon","coordinates":[[[1.429952,51.336257],[1.424853,51.331418],[1.423849,51.331124],[1.424876,51.329924],[1.424875,51.329924],[1.423235,51.331833],[1.422296,51.332069],[1.4214,51.333059],[1.422084,51.333558],[1.420153,51.333827],[1.420763,51.333849],[1.421285,51.334413],[1.421613,51.333994],[1.422127,51.334102],[1.423069,51.333982],[1.423154,51.333175],[1.42361,51.332881],[1.424441,51.333819],[1.426007,51.334355],[1.426241,51.334657],[1.426846,51.334349],[1.429833,51.33634],[1.429952,51.336257]]]}},{"type":"Feature","properties":{"area_id":"E00125207","people":397,"households":204,"cars_owned":153,"baseline_cars":115,"cars_activated":61,"cars_saved":54,"people_seated":356,"people_unmet":41,"unmet_pct":10.33,"mean_occupancy":4.93,"median_walk_m":41.1},"geometry":{"type":"Polygon","coordinates":[[[1.417245,51.336999],[1.417569,51.33638],[1.41869,51.336058],[1.419688,51.337073],[1.420699,51.336779],[1.419845,51.336025],[1.420139,51.33587],[1.41964,51.335816],[1.42081,51.335193],[1.420102,51.334557],[1.419331,51.3352],[1.418752,51.334261],[1.417876,51.334774],[1.416128,51.335814],[1.415964,51.336601],[1.415559,51.337544],[1.416096,51.338015],[1.417245,51.336999]]]}},{"type":"Feature","properties":{"area_id":"E00125218","people":340,"households":140,"cars_owned":174,"baseline_cars":118,"cars_activated":46,"cars_saved":72,"people_seated":285,"people_unmet":55,"unmet_pct":16.18,"mean_occupancy":4.98,"median_walk_m":46.1},"geometry":{"type":"Polygon","coordinates":[[[1.422481,51.33912],[1.421891,51.338423],[1.421305,51.338488],[1.420673,51.339529],[1.420183,51.33972],[1.41993,51.339518],[1.419151,51.339865],[1.419601,51.340468],[1.421288,51.340805],[1.421446,51.340116],[1.422523,51.339629],[1.422481,51.33912]]]}},{"type":"Feature","properties":{"area_id":"E00125224","people":319,"households":142,"cars_owned":153,"baseline_cars":114,"cars_activated":73,"cars_saved":41,"people_seated":284,"people_unmet":35,"unmet_pct":10.97,"mean_occupancy":5.0,"median_walk_m":23.9},"geometry":{"type":"Polygon","coordinates":[[[1.426709,51.338036],[1.42693,51.33764],[1.426505,51.337687],[1.425932,51.337247],[1.425972,51.336775],[1.425523,51.336927],[1.425221,51.336687],[1.424333,51.337186],[1.424645,51.337378],[1.424312,51.337679],[1.42428,51.338531],[1.425644,51.338041],[1.42583,51.338487],[1.426709,51.338036]]]}},{"type":"Feature","properties":{"area_id":"E00125230","people":284,"households":136,"cars_owned":185,"baseline_cars":121,"cars_activated":91,"cars_saved":30,"people_seated":281,"people_unmet":3,"unmet_pct":1.06,"mean_occupancy":4.99,"median_walk_m":24.8},"geometry":{"type":"Polygon","coordinates":[[[1.346277,51.380277],[1.349765,51.380064],[1.349079,51.379532],[1.349969,51.378371],[1.349712,51.377986],[1.350482,51.378015],[1.349601,51.37695],[1.348772,51.377176],[1.344268,51.376003],[1.343946,51.377651],[1.344122,51.380376],[1.346277,51.380277]]]}},{"type":"Feature","properties":{"area_id":"E00125235","people":283,"households":131,"cars_owned":108,"baseline_cars":75,"cars_activated":37,"cars_saved":38,"people_seated":263,"people_unmet":20,"unmet_pct":7.07,"mean_occupancy":4.89,"median_walk_m":90.9},"geometry":{"type":"Polygon","coordinates":[[[1.36686,51.376732],[1.364465,51.375903],[1.363892,51.376289],[1.36167,51.375401],[1.360885,51.376149],[1.361792,51.377366],[1.359454,51.377645],[1.358879,51.37798],[1.358894,51.378021],[1.361302,51.378594],[1.362624,51.378343],[1.364805,51.379059],[1.36686,51.376732]]]}},{"type":"Feature","properties":{"area_id":"E00125236","people":325,"households":144,"cars_owned":184,"baseline_cars":116,"cars_activated":58,"cars_saved":58,"people_seated":312,"people_unmet":13,"unmet_pct":4.0,"mean_occupancy":4.98,"median_walk_m":40.5},"geometry":{"type":"Polygon","coordinates":[[[1.355412,51.376169],[1.355951,51.375545],[1.356826,51.376157],[1.357858,51.376211],[1.358247,51.375738],[1.356715,51.375074],[1.35637,51.373637],[1.358427,51.37242],[1.358346,51.373349],[1.36021,51.371812],[1.350425,51.370185],[1.344584,51.37029],[1.341255,51.369758],[1.340362,51.372067],[1.340435,51.375398],[1.341561,51.375407],[1.344375,51.375363],[1.344268,51.376003],[1.348772,51.377176],[1.349601,51.37695],[1.350482,51.378015],[1.350871,51.378048],[1.351238,51.377081],[1.351814,51.376725],[1.352501,51.377134],[1.35466,51.377039],[1.355412,51.376169]]]}},{"type":"Feature","properties":{"area_id":"E00125252","people":259,"households":102,"cars_owned":112,"baseline_cars":73,"cars_activated":63,"cars_saved":10,"people_seated":247,"people_unmet":12,"unmet_pct":4.63,"mean_occupancy":5.0,"median_walk_m":27.4},"geometry":{"type":"Polygon","coordinates":[[[1.390207,51.38169],[1.388828,51.380076],[1.385804,51.381115],[1.386127,51.381986],[1.386996,51.382579],[1.387297,51.382548],[1.386785,51.381617],[1.387193,51.381369],[1.387754,51.381432],[1.388307,51.382285],[1.390207,51.38169]]]}},{"type":"Feature","properties":{"area_id":"E00125257","people":298,"households":124,"cars_owned":107,"baseline_cars":81,"cars_activated":76,"cars_saved":5,"people_seated":278,"people_unmet":20,"unmet_pct":6.71,"mean_occupancy":5.0,"median_walk_m":20.6},"geometry":{"type":"Polygon","coordinates":[[[1.389883,51.385229],[1.389189,51.384041],[1.388197,51.383038],[1.386387,51.38343],[1.385891,51.383736],[1.386757,51.384065],[1.386378,51.384548],[1.386867,51.385149],[1.385857,51.385228],[1.386536,51.385842],[1.386919,51.386156],[1.389883,51.385229]]]}},{"type":"Feature","properties":{"area_id":"E00125262","people":341,"households":133,"cars_owned":108,"baseline_cars":85,"cars_activated":48,"cars_saved":37,"people_seated":313,"people_unmet":28,"unmet_pct":8.21,"mean_occupancy":5.0,"median_walk_m":47.7},"geometry":{"type":"Polygon","coordinates":[[[1.383156,51.383475],[1.384457,51.382799],[1.384351,51.382572],[1.386194,51.38229],[1.386127,51.381986],[1.385804,51.381115],[1.384899,51.381428],[1.38331,51.381976],[1.381392,51.382638],[1.381704,51.382906],[1.382118,51.383529],[1.383156,51.383475]]]}},{"type":"Feature","properties":{"area_id":"E00125267","people":276,"households":152,"cars_owned":86,"baseline_cars":69,"cars_activated":44,"cars_saved":25,"people_seated":275,"people_unmet":1,"unmet_pct":0.36,"mean_occupancy":5.0,"median_walk_m":39.0},"geometry":{"type":"Polygon","coordinates":[[[1.384305,51.391835],[1.383041,51.391152],[1.383066,51.390675],[1.382505,51.390429],[1.383139,51.390365],[1.382891,51.390147],[1.383544,51.390097],[1.383747,51.389728],[1.383395,51.388848],[1.38302,51.389038],[1.381587,51.390276],[1.381494,51.390953],[1.382262,51.391624],[1.383221,51.392005],[1.383636,51.391604],[1.384305,51.391835]]]}},{"type":"Feature","properties":{"area_id":"E00125270","people":279,"households":114,"cars_owned":162,"baseline_cars":99,"cars_activated":72,"cars_saved":27,"people_seated":275,"people_unmet":4,"unmet_pct":1.43,"mean_occupancy":4.9,"median_walk_m":42.4},"geometry":{"type":"Polygon","coordinates":[[[1.3986,51.335323],[1.399,51.335244],[1.399039,51.33445],[1.396397,51.333381],[1.395471,51.333559],[1.395333,51.333859],[1.394044,51.333798],[1.391768,51.334379],[1.389596,51.334421],[1.38735,51.33541],[1.38937,51.335101],[1.389485,51.335333],[1.390188,51.335347],[1.391555,51.335041],[1.39199,51.335661],[1.39257,51.335643],[1.393359,51.335049],[1.393989,51.336199],[1.396289,51.334763],[1.3986,51.335323]]]}},{"type":"Feature","properties":{"area_id":"E00125276","people":362,"households":138,"cars_owned":160,"baseline_cars":108,"cars_activated":58,"cars_saved":50,"people_seated":352,"people_unmet":10,"unmet_pct":2.76,"mean_occupancy":4.93,"median_walk_m":35.1},"geometry":{"type":"Polygon","coordinates":[[[1.405175,51.335627],[1.405675,51.33423],[1.406704,51.332039],[1.406413,51.332013],[1.404605,51.33185],[1.404529,51.332328],[1.403781,51.332817],[1.404938,51.333091],[1.40477,51.333319],[1.40536,51.333763],[1.404814,51.334142],[1.404696,51.334543],[1.404319,51.335563],[1.404534,51.335958],[1.404984,51.335961],[1.405175,51.335627]]]}},{"type":"Feature","properties":{"area_id":"E00125283","people":326,"households":139,"cars_owned":162,"baseline_cars":103,"cars_activated":44,"cars_saved":59,"people_seated":322,"people_unmet":4,"unmet_pct":1.23,"mean_occupancy":4.89,"median_walk_m":39.8},"geometry":{"type":"Polygon","coordinates":[[[1.401848,51.337188],[1.401732,51.336975],[1.402443,51.336954],[1.403611,51.337282],[1.403896,51.336624],[1.40325,51.336271],[1.403488,51.335943],[1.402607,51.335855],[1.402948,51.335565],[1.40174,51.33577],[1.401549,51.335345],[1.400824,51.335355],[1.40047,51.335441],[1.400096,51.335859],[1.40056,51.336437],[1.400011,51.337141],[1.400312,51.33749],[1.401848,51.337188]]]}},{"type":"Feature","properties":{"area_id":"E00125289","people":308,"households":113,"cars_owned":123,"baseline_cars":86,"cars_activated":93,"cars_saved":-7,"people_seated":297,"people_unmet":11,"unmet_pct":3.57,"mean_occupancy":5.0,"median_walk_m":31.1},"geometry":{"type":"Polygon","coordinates":[[[1.391891,51.347433],[1.391746,51.346655],[1.391169,51.346859],[1.391545,51.347442],[1.391067,51.347738],[1.390277,51.347701],[1.389711,51.347998],[1.388784,51.347823],[1.388715,51.348338],[1.387425,51.348316],[1.386946,51.347989],[1.38738,51.347618],[1.386988,51.34714],[1.38651,51.347147],[1.385899,51.34733],[1.38668,51.348638],[1.392177,51.34869],[1.392126,51.348315],[1.39161,51.348372],[1.391492,51.348099],[1.392291,51.348103],[1.391891,51.347433]]]}},{"type":"Feature","properties":{"area_id":"E00125314","people":257,"households":127,"cars_owned":116,"baseline_cars":81,"cars_activated":48,"cars_saved":33,"people_seated":246,"people_unmet":11,"unmet_pct":4.28,"mean_occupancy":4.96,"median_walk_m":41.0},"geometry":{"type":"Polygon","coordinates":[[[1.414057,51.344313],[1.410058,51.342843],[1.408622,51.342314],[1.408481,51.343517],[1.407428,51.344147],[1.407807,51.344333],[1.40882,51.344401],[1.409173,51.345014],[1.413837,51.345516],[1.414057,51.344313]]]}},{"type":"Feature","properties":{"area_id":"E00125328","people":312,"households":137,"cars_owned":137,"baseline_cars":92,"cars_activated":71,"cars_saved":21,"people_seated":286,"people_unmet":26,"unmet_pct":8.33,"mean_occupancy":5.0,"median_walk_m":29.8},"geometry":{"type":"Polygon","coordinates":[[[1.420482,51.369131],[1.422985,51.368266],[1.423179,51.368199],[1.422746,51.36775],[1.421981,51.368152],[1.421296,51.367584],[1.421537,51.367041],[1.419946,51.366909],[1.419532,51.366606],[1.418565,51.366717],[1.417648,51.367343],[1.419552,51.368352],[1.419239,51.368813],[1.420018,51.368944],[1.419844,51.369353],[1.420482,51.369131]]]}},{"type":"Feature","properties":{"area_id":"E00125332","people":339,"households":152,"cars_owned":171,"baseline_cars":122,"cars_activated":52,"cars_saved":70,"people_seated":334,"people_unmet":5,"unmet_pct":1.47,"mean_occupancy":4.94,"median_walk_m":43.5},"geometry":{"type":"Polygon","coordinates":[[[1.426173,51.367122],[1.425526,51.366534],[1.425036,51.365758],[1.424174,51.365915],[1.423508,51.365455],[1.422151,51.365903],[1.421963,51.366274],[1.422885,51.366208],[1.4232,51.366491],[1.422582,51.366815],[1.423186,51.36752],[1.422746,51.36775],[1.423179,51.368199],[1.426173,51.367122]]]}},{"type":"Feature","properties":{"area_id":"E00125337","people":294,"households":127,"cars_owned":178,"baseline_cars":113,"cars_activated":45,"cars_saved":68,"people_seated":287,"people_unmet":7,"unmet_pct":2.38,"mean_occupancy":4.91,"median_walk_m":63.5},"geometry":{"type":"Polygon","coordinates":[[[1.424407,51.363964],[1.424395,51.363524],[1.423432,51.363355],[1.42294,51.362562],[1.422262,51.362577],[1.422067,51.363621],[1.422554,51.363573],[1.422683,51.364243],[1.421889,51.36429],[1.421313,51.364987],[1.420475,51.364788],[1.419873,51.365195],[1.420823,51.365846],[1.421547,51.36537],[1.422151,51.365903],[1.423508,51.365455],[1.424174,51.365915],[1.425036,51.365758],[1.425526,51.366534],[1.426626,51.365912],[1.426572,51.364879],[1.425716,51.365017],[1.42578,51.365396],[1.425165,51.365517],[1.423649,51.364349],[1.423785,51.364021],[1.424407,51.363964]]]}},{"type":"Feature","properties":{"area_id":"E00125363","people":308,"households":127,"cars_owned":172,"baseline_cars":107,"cars_activated":38,"cars_saved":69,"people_seated":306,"people_unmet":2,"unmet_pct":0.65,"mean_occupancy":4.87,"median_walk_m":54.3},"geometry":{"type":"Polygon","coordinates":[[[1.384369,51.377158],[1.385808,51.375621],[1.385706,51.374172],[1.385123,51.374165],[1.385064,51.37386],[1.384423,51.374596],[1.383932,51.374418],[1.38312,51.375282],[1.383163,51.375815],[1.383944,51.376364],[1.383132,51.376944],[1.383707,51.377257],[1.384048,51.37702],[1.384369,51.377158]]]}},{"type":"Feature","properties":{"area_id":"E00125369","people":433,"households":166,"cars_owned":271,"baseline_cars":157,"cars_activated":92,"cars_saved":65,"people_seated":420,"people_unmet":13,"unmet_pct":3.0,"mean_occupancy":4.92,"median_walk_m":28.1},"geometry":{"type":"Polygon","coordinates":[[[1.432833,51.344458],[1.433421,51.344244],[1.430849,51.344135],[1.430429,51.342872],[1.42921,51.343302],[1.42826,51.343621],[1.427753,51.343883],[1.427027,51.343378],[1.427699,51.346092],[1.427773,51.346111],[1.429222,51.346087],[1.432044,51.345382],[1.431875,51.344811],[1.432833,51.344458]]]}},{"type":"Feature","properties":{"area_id":"E00125373","people":245,"households":109,"cars_owned":144,"baseline_cars":92,"cars_activated":46,"cars_saved":46,"people_seated":226,"people_unmet":19,"unmet_pct":7.76,"mean_occupancy":5.0,"median_walk_m":45.9},"geometry":{"type":"Polygon","coordinates":[[[1.43197,51.340699],[1.430712,51.340203],[1.430919,51.339555],[1.431658,51.339396],[1.431364,51.339017],[1.431709,51.338454],[1.431281,51.338652],[1.430763,51.338452],[1.430017,51.339239],[1.428877,51.338911],[1.428229,51.339198],[1.429252,51.339837],[1.429546,51.340065],[1.428439,51.340525],[1.428915,51.341407],[1.429429,51.341382],[1.430384,51.342055],[1.43197,51.340699]]]}},{"type":"Feature","properties":{"area_id":"E00125379","people":238,"households":117,"cars_owned":145,"baseline_cars":97,"cars_activated":32,"cars_saved":65,"people_seated":229,"people_unmet":9,"unmet_pct":3.78,"mean_occupancy":4.97,"median_walk_m":50.0},"geometry":{"type":"Polygon","coordinates":[[[1.417859,51.350473],[1.417968,51.349748],[1.418773,51.349361],[1.418657,51.348635],[1.419202,51.348261],[1.418344,51.347376],[1.417654,51.347581],[1.41776,51.348038],[1.417394,51.348083],[1.417155,51.347682],[1.416182,51.34773],[1.416605,51.350739],[1.417859,51.350473]]]}},{"type":"Feature","properties":{"area_id":"E00125398","people":149,"households":64,"cars_owned":114,"baseline_cars":63,"cars_activated":23,"cars_saved":40,"people_seated":139,"people_unmet":10,"unmet_pct":6.71,"mean_occupancy":4.48,"median_walk_m":249.7},"geometry":{"type":"Polygon","coordinates":[[[1.263105,51.377697],[1.264098,51.376691],[1.260983,51.374186],[1.259731,51.372999],[1.259785,51.37249],[1.260642,51.371766],[1.262497,51.371338],[1.263856,51.371559],[1.263798,51.372219],[1.262517,51.372952],[1.262204,51.373516],[1.262561,51.373977],[1.263606,51.374185],[1.265277,51.373077],[1.265355,51.372029],[1.265856,51.371679],[1.268762,51.372172],[1.26922,51.371009],[1.271451,51.370771],[1.273134,51.369462],[1.274515,51.370609],[1.276072,51.370979],[1.280081,51.370212],[1.280731,51.369547],[1.281596,51.369788],[1.281745,51.37022],[1.283661,51.370399],[1.284136,51.369914],[1.283954,51.36953],[1.284682,51.369518],[1.286516,51.367318],[1.289638,51.365824],[1.289666,51.365485],[1.290989,51.364701],[1.291401,51.364739],[1.291644,51.364516],[1.291022,51.36411],[1.291485,51.363946],[1.290539,51.364019],[1.288574,51.360717],[1.286915,51.351962],[1.284569,51.351897],[1.28211,51.352292],[1.274773,51.349136],[1.26778,51.355483],[1.266804,51.35599],[1.266338,51.356111],[1.264471,51.355102],[1.259587,51.354612],[1.256169,51.355808],[1.255435,51.35721],[1.255967,51.358031],[1.249747,51.35856],[1.248966,51.358294],[1.248714,51.35858],[1.245628,51.359241],[1.244728,51.359104],[1.244773,51.358518],[1.246633,51.356785],[1.246235,51.356589],[1.245743,51.354421],[1.242114,51.353148],[1.23822,51.354152],[1.237341,51.358017],[1.235752,51.358876],[1.235318,51.359801],[1.228522,51.360533],[1.228449,51.359293],[1.228945,51.358173],[1.229985,51.356822],[1.23092,51.356635],[1.232165,51.355143],[1.230053,51.355741],[1.225023,51.353469],[1.224336,51.354325],[1.222019,51.353444],[1.220508,51.351958],[1.219458,51.352974],[1.217498,51.353797],[1.214309,51.356084],[1.210781,51.363615],[1.212017,51.365535],[1.213129,51.366155],[1.214755,51.366395],[1.217167,51.366291],[1.220558,51.366745],[1.223406,51.366151],[1.227675,51.364668],[1.229042,51.364621],[1.230487,51.368369],[1.229871,51.369023],[1.226542,51.369118],[1.225197,51.369533],[1.224883,51.369918],[1.225325,51.371324],[1.225155,51.374196],[1.224358,51.376849],[1.224218,51.379333],[1.228175,51.379333],[1.228823,51.379043],[1.251071,51.37713],[1.257719,51.377138],[1.258645,51.37722],[1.258782,51.377485],[1.263105,51.377697]]]}},{"type":"Feature","properties":{"area_id":"E00125413","people":591,"households":231,"cars_owned":330,"baseline_cars":194,"cars_activated":112,"cars_saved":82,"people_seated":580,"people_unmet":11,"unmet_pct":1.86,"mean_occupancy":5.0,"median_walk_m":39.3},"geometry":{"type":"Polygon","coordinates":[[[1.436893,51.355362],[1.436439,51.353424],[1.433745,51.351736],[1.435159,51.351038],[1.4365,51.351145],[1.437082,51.351501],[1.43775,51.350976],[1.433694,51.350216],[1.432876,51.349655],[1.432389,51.349727],[1.432007,51.350304],[1.43076,51.350107],[1.430123,51.350642],[1.431305,51.351542],[1.432416,51.351759],[1.432813,51.353139],[1.432997,51.35378],[1.433482,51.355496],[1.434551,51.355266],[1.435296,51.355927],[1.436299,51.355546],[1.436638,51.355742],[1.436893,51.355362]]]}},{"type":"Feature","properties":{"area_id":"E00125422","people":270,"households":132,"cars_owned":118,"baseline_cars":87,"cars_activated":49,"cars_saved":38,"people_seated":253,"people_unmet":17,"unmet_pct":6.3,"mean_occupancy":4.92,"median_walk_m":42.9},"geometry":{"type":"Polygon","coordinates":[[[1.437835,51.359401],[1.43754,51.358626],[1.435244,51.358731],[1.434998,51.358175],[1.434553,51.35836],[1.434701,51.358679],[1.433949,51.358544],[1.433798,51.359566],[1.433613,51.360225],[1.437835,51.359401]]]}},{"type":"Feature","properties":{"area_id":"E00125427","people":405,"households":171,"cars_owned":204,"baseline_cars":113,"cars_activated":70,"cars_saved":43,"people_seated":402,"people_unmet":3,"unmet_pct":0.74,"mean_occupancy":4.97,"median_walk_m":30.7},"geometry":{"type":"Polygon","coordinates":[[[1.364405,51.383036],[1.364411,51.383037],[1.363284,51.382368],[1.361302,51.381645],[1.359185,51.380977],[1.356319,51.380103],[1.355338,51.379815],[1.352839,51.379857],[1.352802,51.379857],[1.353151,51.380244],[1.354231,51.380277],[1.353793,51.380566],[1.35388,51.381101],[1.355157,51.381138],[1.355221,51.380741],[1.356269,51.380686],[1.356621,51.381896],[1.358378,51.382157],[1.357149,51.382499],[1.357082,51.382922],[1.356548,51.382883],[1.356664,51.383302],[1.35787,51.383138],[1.359241,51.383401],[1.359496,51.382198],[1.364405,51.383036]]]}},{"type":"Feature","properties":{"area_id":"E00125431","people":308,"households":132,"cars_owned":167,"baseline_cars":106,"cars_activated":66,"cars_saved":40,"people_seated":301,"people_unmet":7,"unmet_pct":2.27,"mean_occupancy":4.97,"median_walk_m":29.4},"geometry":{"type":"Polygon","coordinates":[[[1.346631,51.381646],[1.346277,51.380277],[1.344122,51.380376],[1.342716,51.380439],[1.34269,51.381069],[1.342771,51.381518],[1.344718,51.381586],[1.344894,51.382754],[1.346465,51.382578],[1.346631,51.381646]]]}},{"type":"Feature","properties":{"area_id":"E00125433","people":346,"households":136,"cars_owned":212,"baseline_cars":125,"cars_activated":59,"cars_saved":66,"people_seated":343,"people_unmet":3,"unmet_pct":0.87,"mean_occupancy":4.86,"median_walk_m":34.5},"geometry":{"type":"Polygon","coordinates":[[[1.354402,51.382239],[1.355825,51.381753],[1.355769,51.381337],[1.355157,51.381138],[1.35388,51.381101],[1.353793,51.380566],[1.354231,51.380277],[1.353151,51.380244],[1.352802,51.379857],[1.352343,51.379847],[1.352426,51.380242],[1.351271,51.380071],[1.350933,51.3804],[1.351046,51.381796],[1.351085,51.382543],[1.352068,51.382715],[1.352465,51.382407],[1.353325,51.38284],[1.354402,51.382239]]]}},{"type":"Feature","properties":{"area_id":"E00125439","people":339,"households":124,"cars_owned":212,"baseline_cars":112,"cars_activated":42,"cars_saved":70,"people_seated":332,"people_unmet":7,"unmet_pct":2.06,"mean_occupancy":4.95,"median_walk_m":64.1},"geometry":{"type":"Polygon","coordinates":[[[1.355868,51.384772],[1.355742,51.383378],[1.354823,51.383124],[1.354828,51.382761],[1.355826,51.382841],[1.355736,51.382591],[1.354402,51.382239],[1.353325,51.38284],[1.352465,51.382407],[1.352068,51.382715],[1.351085,51.382543],[1.350458,51.382628],[1.350374,51.383252],[1.351129,51.383507],[1.351364,51.384945],[1.353918,51.385043],[1.355868,51.384772]]]}},{"type":"Feature","properties":{"area_id":"E00125442","people":206,"households":113,"cars_owned":123,"baseline_cars":86,"cars_activated":66,"cars_saved":20,"people_seated":203,"people_unmet":3,"unmet_pct":1.46,"mean_occupancy":5.0,"median_walk_m":24.4},"geometry":{"type":"Polygon","coordinates":[[[1.339269,51.383476],[1.339711,51.382642],[1.338605,51.382729],[1.338528,51.382966],[1.337817,51.38287],[1.337951,51.382489],[1.337449,51.382486],[1.33678,51.382368],[1.336522,51.382687],[1.336124,51.38296],[1.334968,51.383001],[1.335395,51.38302],[1.335501,51.383389],[1.336375,51.383518],[1.336347,51.383823],[1.337911,51.383853],[1.338113,51.38362],[1.33798,51.383876],[1.338752,51.384099],[1.338781,51.38361],[1.339269,51.383476]]]}},{"type":"Feature","properties":{"area_id":"E00125447","people":301,"households":134,"cars_owned":188,"baseline_cars":120,"cars_activated":86,"cars_saved":34,"people_seated":296,"people_unmet":5,"unmet_pct":1.66,"mean_occupancy":4.95,"median_walk_m":25.1},"geometry":{"type":"Polygon","coordinates":[[[1.342906,51.37757],[1.343006,51.376693],[1.341893,51.376666],[1.341955,51.375669],[1.341561,51.375407],[1.340435,51.375398],[1.34038,51.375978],[1.339461,51.376564],[1.339089,51.377562],[1.339885,51.3776],[1.340274,51.378029],[1.33957,51.378389],[1.340023,51.378826],[1.34072,51.378483],[1.340737,51.378795],[1.341778,51.378926],[1.342536,51.378591],[1.34178,51.378045],[1.341955,51.377576],[1.342906,51.37757]]]}},{"type":"Feature","properties":{"area_id":"E00125454","people":248,"households":143,"cars_owned":125,"baseline_cars":94,"cars_activated":56,"cars_saved":38,"people_seated":236,"people_unmet":12,"unmet_pct":4.84,"mean_occupancy":4.93,"median_walk_m":25.0},"geometry":{"type":"Polygon","coordinates":[[[1.336847,51.385445],[1.336347,51.383823],[1.336375,51.383518],[1.335501,51.383389],[1.335173,51.38354],[1.335754,51.383891],[1.334339,51.384066],[1.33423,51.384942],[1.335226,51.385597],[1.336847,51.385445]]]}},{"type":"Feature","properties":{"area_id":"E00166937","people":276,"households":130,"cars_owned":78,"baseline_cars":62,"cars_activated":44,"cars_saved":18,"people_seated":198,"people_unmet":78,"unmet_pct":28.26,"mean_occupancy":5.0,"median_walk_m":29.1},"geometry":{"type":"Polygon","coordinates":[[[1.389212,51.389899],[1.389349,51.389769],[1.388705,51.389617],[1.387617,51.38989],[1.388406,51.38995],[1.388496,51.39096],[1.388613,51.391825],[1.389977,51.392131],[1.390224,51.391675],[1.389102,51.390969],[1.389212,51.389899]]]}},{"type":"Feature","properties":{"area_id":"E00166942","people":135,"households":49,"cars_owned":57,"baseline_cars":40,"cars_activated":13,"cars_saved":27,"people_seated":134,"people_unmet":1,"unmet_pct":0.74,"mean_occupancy":5.0,"median_walk_m":85.4},"geometry":{"type":"Polygon","coordinates":[[[1.384795,51.346223],[1.381893,51.347649],[1.383917,51.348263],[1.38591,51.348636],[1.384795,51.346223]]]}},{"type":"Feature","properties":{"area_id":"E00125024","people":357,"households":141,"cars_owned":170,"baseline_cars":104,"cars_activated":100,"cars_saved":4,"people_seated":338,"people_unmet":19,"unmet_pct":5.32,"mean_occupancy":5.0,"median_walk_m":24.4},"geometry":{"type":"Polygon","coordinates":[[[1.420701,51.372279],[1.421628,51.371117],[1.421974,51.371185],[1.421858,51.370741],[1.421012,51.370521],[1.421572,51.370229],[1.420482,51.369131],[1.419844,51.369353],[1.415636,51.370808],[1.414855,51.371078],[1.415762,51.371573],[1.418876,51.370547],[1.418449,51.371953],[1.420186,51.372376],[1.420701,51.372279]]]}},{"type":"Feature","properties":{"area_id":"E00125043","people":280,"households":129,"cars_owned":175,"baseline_cars":108,"cars_activated":37,"cars_saved":71,"people_seated":278,"people_unmet":2,"unmet_pct":0.71,"mean_occupancy":4.86,"median_walk_m":59.8},"geometry":{"type":"Polygon","coordinates":[[[1.308377,51.379315],[1.307643,51.37874],[1.305878,51.378798],[1.305582,51.377752],[1.303009,51.37762],[1.301762,51.377554],[1.301235,51.377898],[1.301941,51.377834],[1.302252,51.378792],[1.301765,51.379986],[1.302665,51.379812],[1.302831,51.380498],[1.303263,51.380065],[1.304012,51.380536],[1.304651,51.380285],[1.304824,51.379445],[1.305597,51.379425],[1.305971,51.379795],[1.306048,51.379377],[1.306952,51.379335],[1.307206,51.379723],[1.307669,51.379294],[1.308377,51.379315]]]}},{"type":"Feature","properties":{"area_id":"E00125049","people":284,"households":123,"cars_owned":167,"baseline_cars":105,"cars_activated":78,"cars_saved":27,"people_seated":276,"people_unmet":8,"unmet_pct":2.82,"mean_occupancy":5.0,"median_walk_m":31.9},"geometry":{"type":"Polygon","coordinates":[[[1.311267,51.375887],[1.31265,51.375792],[1.31231,51.37559],[1.31164,51.375242],[1.312567,51.374808],[1.311846,51.374105],[1.310647,51.373684],[1.310227,51.374095],[1.309975,51.374332],[1.308377,51.373953],[1.307495,51.374435],[1.308041,51.375374],[1.30829,51.375803],[1.307868,51.376111],[1.308473,51.376095],[1.309122,51.376811],[1.310312,51.377016],[1.310197,51.376455],[1.311267,51.375887]]]}},{"type":"Feature","properties":{"area_id":"E00125050","people":281,"households":127,"cars_owned":177,"baseline_cars":108,"cars_activated":61,"cars_saved":47,"people_seated":268,"people_unmet":13,"unmet_pct":4.63,"mean_occupancy":5.0,"median_walk_m":41.4},"geometry":{"type":"Polygon","coordinates":[[[1.303579,51.374636],[1.302423,51.37531],[1.301869,51.374817],[1.301609,51.374957],[1.30095,51.375303],[1.300635,51.375062],[1.300807,51.375373],[1.3004,51.375509],[1.299674,51.375398],[1.299425,51.375816],[1.298942,51.37574],[1.299402,51.376389],[1.298519,51.377383],[1.299187,51.377419],[1.301762,51.377554],[1.301973,51.377185],[1.301527,51.376652],[1.302387,51.376395],[1.303197,51.376692],[1.303212,51.376026],[1.304367,51.375097],[1.303579,51.374636]]]}},{"type":"Feature","properties":{"area_id":"E00125055","people":253,"households":127,"cars_owned":148,"baseline_cars":92,"cars_activated":69,"cars_saved":23,"people_seated":249,"people_unmet":4,"unmet_pct":1.58,"mean_occupancy":5.0,"median_walk_m":29.0},"geometry":{"type":"Polygon","coordinates":[[[1.305986,51.372797],[1.306229,51.372535],[1.306945,51.372708],[1.307284,51.372498],[1.30662,51.371845],[1.305042,51.371216],[1.304704,51.371396],[1.30587,51.370601],[1.305356,51.370567],[1.303736,51.37157],[1.302473,51.370739],[1.302256,51.370925],[1.302261,51.371016],[1.302118,51.371586],[1.304759,51.373122],[1.305509,51.373117],[1.305986,51.372797]]]}},{"type":"Feature","properties":{"area_id":"E00125056","people":192,"households":119,"cars_owned":118,"baseline_cars":94,"cars_activated":28,"cars_saved":66,"people_seated":188,"people_unmet":4,"unmet_pct":2.08,"mean_occupancy":4.89,"median_walk_m":73.8},"geometry":{"type":"Polygon","coordinates":[[[1.303579,51.374636],[1.304726,51.373935],[1.304257,51.373369],[1.304759,51.373122],[1.302118,51.371586],[1.302261,51.371016],[1.300762,51.371723],[1.3011,51.372012],[1.300668,51.37225],[1.302022,51.373682],[1.302115,51.374218],[1.301379,51.374366],[1.301609,51.374957],[1.301869,51.374817],[1.302423,51.37531],[1.303579,51.374636]]]}},{"type":"Feature","properties":{"area_id":"E00125072","people":246,"households":122,"cars_owned":143,"baseline_cars":101,"cars_activated":50,"cars_saved":51,"people_seated":233,"people_unmet":13,"unmet_pct":5.28,"mean_occupancy":4.96,"median_walk_m":36.8},"geometry":{"type":"Polygon","coordinates":[[[1.43899,51.365442],[1.438565,51.364332],[1.439395,51.3639],[1.438699,51.363745],[1.440022,51.362518],[1.438263,51.362912],[1.436581,51.363688],[1.436613,51.364552],[1.43737,51.364779],[1.437598,51.365442],[1.437892,51.366138],[1.43853,51.366355],[1.4392,51.365981],[1.43899,51.365442]]]}},{"type":"Feature","properties":{"area_id":"E00125077","people":330,"households":152,"cars_owned":137,"baseline_cars":97,"cars_activated":92,"cars_saved":5,"people_seated":319,"people_unmet":11,"unmet_pct":3.33,"mean_occupancy":5.0,"median_walk_m":34.3},"geometry":{"type":"Polygon","coordinates":[[[1.433447,51.362678],[1.435323,51.362262],[1.434806,51.361617],[1.437924,51.361645],[1.438584,51.361341],[1.438826,51.360591],[1.43805,51.359692],[1.439826,51.359343],[1.441862,51.358714],[1.441609,51.358484],[1.440258,51.358811],[1.437835,51.359401],[1.433613,51.360225],[1.433592,51.360229],[1.432168,51.362838],[1.433447,51.362678]]]}},{"type":"Feature","properties":{"area_id":"E00125092","people":141,"households":102,"cars_owned":37,"baseline_cars":33,"cars_activated":7,"cars_saved":26,"people_seated":127,"people_unmet":14,"unmet_pct":9.93,"mean_occupancy":5.0,"median_walk_m":46.6},"geometry":{"type":"Polygon","coordinates":[[[1.412715,51.337634],[1.41218,51.337913],[1.411688,51.337592],[1.411585,51.338045],[1.411839,51.338181],[1.411323,51.338439],[1.413485,51.338394],[1.412715,51.337634]]]}},{"type":"Feature","properties":{"area_id":"E00125097","people":302,"households":127,"cars_owned":148,"baseline_cars":97,"cars_activated":62,"cars_saved":35,"people_seated":286,"people_unmet":16,"unmet_pct":5.3,"mean_occupancy":5.0,"median_walk_m":32.3},"geometry":{"type":"Polygon","coordinates":[[[1.408288,51.335465],[1.40835,51.335061],[1.407008,51.33409],[1.406541,51.333603],[1.405675,51.33423],[1.405175,51.335627],[1.406851,51.335184],[1.408288,51.335465]]]}},{"type":"Feature","properties":{"area_id":"E00125100","people":281,"households":116,"cars_owned":124,"baseline_cars":87,"cars_activated":56,"cars_saved":31,"people_seated":269,"people_unmet":12,"unmet_pct":4.27,"mean_occupancy":4.98,"median_walk_m":37.4},"geometry":{"type":"Polygon","coordinates":[[[1.413142,51.334788],[1.413179,51.334765],[1.411961,51.333911],[1.411629,51.333581],[1.410854,51.333582],[1.410149,51.334127],[1.409661,51.333772],[1.409101,51.334242],[1.409596,51.334311],[1.409303,51.334539],[1.409559,51.334785],[1.409942,51.334572],[1.410496,51.33524],[1.411567,51.334822],[1.412193,51.33509],[1.413142,51.334788]]]}},{"type":"Feature","properties":{"area_id":"E00125105","people":258,"households":118,"cars_owned":122,"baseline_cars":80,"cars_activated":31,"cars_saved":49,"people_seated":250,"people_unmet":8,"unmet_pct":3.1,"mean_occupancy":4.94,"median_walk_m":52.3},"geometry":{"type":"Polygon","coordinates":[[[1.413274,51.333056],[1.413588,51.331867],[1.412608,51.331334],[1.411788,51.331126],[1.41166,51.331319],[1.410365,51.33103],[1.410536,51.331351],[1.411495,51.331579],[1.411084,51.33223],[1.410426,51.332175],[1.410939,51.332461],[1.410845,51.333046],[1.41115,51.332907],[1.41166,51.333297],[1.41202,51.333138],[1.411629,51.333581],[1.411961,51.333911],[1.412277,51.333482],[1.412866,51.333422],[1.412599,51.333185],[1.413274,51.333056]]]}},{"type":"Feature","properties":{"area_id":"E00125106","people":241,"households":117,"cars_owned":91,"baseline_cars":69,"cars_activated":49,"cars_saved":20,"people_seated":234,"people_unmet":7,"unmet_pct":2.9,"mean_occupancy":4.94,"median_walk_m":44.3},"geometry":{"type":"Polygon","coordinates":[[[1.416364,51.334139],[1.415841,51.333918],[1.41635,51.333347],[1.415281,51.332644],[1.415643,51.332133],[1.414873,51.331976],[1.415113,51.331762],[1.414358,51.331356],[1.413709,51.331651],[1.413015,51.331204],[1.412608,51.331334],[1.413588,51.331867],[1.413274,51.333056],[1.413783,51.333561],[1.414488,51.33305],[1.414886,51.333162],[1.414056,51.333742],[1.414644,51.334182],[1.415966,51.334654],[1.416364,51.334139]]]}},{"type":"Feature","properties":{"area_id":"E00125112","people":238,"households":141,"cars_owned":114,"baseline_cars":88,"cars_activated":32,"cars_saved":56,"people_seated":231,"people_unmet":7,"unmet_pct":2.94,"mean_occupancy":5.0,"median_walk_m":38.1},"geometry":{"type":"Polygon","coordinates":[[[1.413015,51.331204],[1.412482,51.331],[1.412614,51.330781],[1.414304,51.33078],[1.41323,51.330211],[1.413199,51.329487],[1.412585,51.329584],[1.411776,51.330636],[1.41076,51.330464],[1.410312,51.330717],[1.411788,51.331126],[1.412608,51.331334],[1.413015,51.331204]]]}},{"type":"Feature","properties":{"area_id":"E00125129","people":312,"households":120,"cars_owned":192,"baseline_cars":110,"cars_activated":76,"cars_saved":34,"people_seated":306,"people_unmet":6,"unmet_pct":1.92,"mean_occupancy":4.97,"median_walk_m":31.7},"geometry":{"type":"Polygon","coordinates":[[[1.428186,51.384316],[1.425185,51.381608],[1.424175,51.382053],[1.425329,51.383518],[1.425859,51.384216],[1.426678,51.384369],[1.426453,51.384683],[1.427129,51.385199],[1.428052,51.385241],[1.427651,51.384659],[1.428186,51.384316]]]}},{"type":"Feature","properties":{"area_id":"E00125131","people":253,"households":128,"cars_owned":137,"baseline_cars":95,"cars_activated":79,"cars_saved":16,"people_seated":249,"people_unmet":4,"unmet_pct":1.58,"mean_occupancy":4.95,"median_walk_m":27.1},"geometry":{"type":"Polygon","coordinates":[[[1.405968,51.389625],[1.406081,51.388941],[1.405429,51.387865],[1.403508,51.388085],[1.403082,51.388392],[1.403108,51.388703],[1.403245,51.390419],[1.40394,51.390431],[1.403966,51.39077],[1.403898,51.392021],[1.405576,51.392127],[1.405737,51.3908],[1.404878,51.390645],[1.404459,51.389463],[1.405774,51.389275],[1.405968,51.389625]]]}},{"type":"Feature","properties":{"area_id":"E00125143","people":326,"households":157,"cars_owned":198,"baseline_cars":129,"cars_activated":74,"cars_saved":55,"people_seated":323,"people_unmet":3,"unmet_pct":0.92,"mean_occupancy":4.88,"median_walk_m":42.5},"geometry":{"type":"Polygon","coordinates":[[[1.405429,51.387865],[1.405399,51.387569],[1.407176,51.387257],[1.407628,51.387603],[1.407763,51.387215],[1.407396,51.386577],[1.407854,51.386073],[1.407442,51.386104],[1.407354,51.385793],[1.403058,51.3838],[1.402659,51.38392],[1.404505,51.38619],[1.402861,51.386543],[1.403015,51.386937],[1.40244,51.387064],[1.402707,51.388393],[1.403082,51.388392],[1.403508,51.388085],[1.405429,51.387865]]]}},{"type":"Feature","properties":{"area_id":"E00125151","people":265,"households":124,"cars_owned":183,"baseline_cars":113,"cars_activated":37,"cars_saved":76,"people_seated":261,"people_unmet":4,"unmet_pct":1.51,"mean_occupancy":4.78,"median_walk_m":50.3},"geometry":{"type":"Polygon","coordinates":[[[1.425329,51.383518],[1.424175,51.382053],[1.425185,51.381608],[1.425815,51.381348],[1.425156,51.380536],[1.422824,51.380404],[1.423319,51.381809],[1.422921,51.382738],[1.423538,51.38295],[1.421961,51.383571],[1.422653,51.384479],[1.42223,51.384754],[1.423201,51.386141],[1.424438,51.38616],[1.424068,51.385577],[1.423585,51.385692],[1.423399,51.385448],[1.423948,51.385137],[1.42336,51.384672],[1.424298,51.38451],[1.424196,51.384185],[1.425329,51.383518]]]}},{"type":"Feature","properties":{"area_id":"E00125161","people":298,"households":133,"cars_owned":130,"baseline_cars":83,"cars_activated":52,"cars_saved":31,"people_seated":287,"people_unmet":11,"unmet_pct":3.69,"mean_occupancy":5.0,"median_walk_m":30.6},"geometry":{"type":"Polygon","coordinates":[[[1.401601,51.385566],[1.402277,51.385311],[1.401907,51.384911],[1.401221,51.385087],[1.401026,51.384763],[1.40169,51.384678],[1.401405,51.384254],[1.398958,51.384362],[1.39804,51.38423],[1.397476,51.384959],[1.398488,51.385944],[1.399708,51.385284],[1.400242,51.385387],[1.400406,51.385089],[1.401601,51.385566]]]}},{"type":"Feature","properties":{"area_id":"E00125181","people":296,"households":114,"cars_owned":69,"baseline_cars":56,"cars_activated":20,"cars_saved":36,"people_seated":219,"people_unmet":77,"unmet_pct":26.01,"mean_occupancy":5.0,"median_walk_m":65.7},"geometry":{"type":"Polygon","coordinates":[[[1.404969,51.380333],[1.404714,51.3804],[1.405292,51.38145],[1.405594,51.381675],[1.406039,51.381483],[1.406233,51.381822],[1.407811,51.381461],[1.407194,51.380431],[1.406882,51.38027],[1.405296,51.380623],[1.404969,51.380333]]]}},{"type":"Feature","properties":{"area_id":"E00125194","people":369,"households":128,"cars_owned":133,"baseline_cars":92,"cars_activated":46,"cars_saved":46,"people_seated":339,"people_unmet":30,"unmet_pct":8.13,"mean_occupancy":5.0,"median_walk_m":48.7},"geometry":{"type":"Polygon","coordinates":[[[1.410999,51.376668],[1.409369,51.376633],[1.408603,51.376286],[1.40809,51.37641],[1.407876,51.375492],[1.406925,51.375631],[1.40771,51.376858],[1.408059,51.37743],[1.409187,51.377182],[1.409939,51.377518],[1.411453,51.377145],[1.411544,51.376871],[1.410999,51.376668]]]}},{"type":"Feature","properties":{"area_id":"E00125210","people":324,"households":153,"cars_owned":120,"baseline_cars":92,"cars_activated":49,"cars_saved":43,"people_seated":279,"people_unmet":45,"unmet_pct":13.89,"mean_occupancy":4.98,"median_walk_m":44.8},"geometry":{"type":"Polygon","coordinates":[[[1.421961,51.335784],[1.421791,51.335542],[1.422437,51.335653],[1.42329,51.335195],[1.423242,51.334841],[1.423798,51.334805],[1.424443,51.334203],[1.423695,51.333696],[1.423323,51.33411],[1.423069,51.333982],[1.422127,51.334102],[1.422433,51.334465],[1.421895,51.334867],[1.421299,51.334612],[1.421196,51.335034],[1.421526,51.335842],[1.421961,51.335784]]]}},{"type":"Feature","properties":{"area_id":"E00125215","people":374,"households":146,"cars_owned":188,"baseline_cars":118,"cars_activated":76,"cars_saved":42,"people_seated":338,"people_unmet":36,"unmet_pct":9.63,"mean_occupancy":5.0,"median_walk_m":35.5},"geometry":{"type":"Polygon","coordinates":[[[1.420625,51.342229],[1.422558,51.341264],[1.422078,51.340775],[1.421288,51.340805],[1.419601,51.340468],[1.419151,51.339865],[1.418796,51.340014],[1.418726,51.340705],[1.418134,51.340956],[1.418693,51.341499],[1.419606,51.341319],[1.419399,51.342594],[1.420625,51.342229]]]}},{"type":"Feature","properties":{"area_id":"E00125216","people":244,"households":96,"cars_owned":120,"baseline_cars":70,"cars_activated":21,"cars_saved":49,"people_seated":241,"people_unmet":3,"unmet_pct":1.23,"mean_occupancy":4.86,"median_walk_m":35.1},"geometry":{"type":"Polygon","coordinates":[[[1.413513,51.33999],[1.412062,51.340999],[1.410741,51.342303],[1.411672,51.341838],[1.413777,51.341492],[1.413844,51.341058],[1.41306,51.340786],[1.413626,51.340349],[1.413513,51.33999]]]}},{"type":"Feature","properties":{"area_id":"E00125238","people":261,"households":134,"cars_owned":138,"baseline_cars":98,"cars_activated":73,"cars_saved":25,"people_seated":256,"people_unmet":5,"unmet_pct":1.92,"mean_occupancy":4.99,"median_walk_m":37.5},"geometry":{"type":"Polygon","coordinates":[[[1.374529,51.384899],[1.373273,51.383913],[1.374576,51.383469],[1.376211,51.381663],[1.374075,51.379571],[1.37259,51.379921],[1.370325,51.380229],[1.369058,51.380797],[1.369472,51.381213],[1.368475,51.382381],[1.368755,51.383297],[1.370491,51.383552],[1.372607,51.382717],[1.371307,51.3839],[1.370182,51.383883],[1.370332,51.384307],[1.3687,51.384469],[1.369129,51.384616],[1.371841,51.385167],[1.374529,51.384899]]]}},{"type":"Feature","properties":{"area_id":"E00125242","people":327,"households":115,"cars_owned":201,"baseline_cars":109,"cars_activated":48,"cars_saved":61,"people_seated":326,"people_unmet":1,"unmet_pct":0.31,"mean_occupancy":4.77,"median_walk_m":49.7},"geometry":{"type":"Polygon","coordinates":[[[1.367198,51.380035],[1.364581,51.379405],[1.362811,51.379058],[1.362827,51.379378],[1.364941,51.379843],[1.364051,51.380554],[1.364826,51.380832],[1.364284,51.381913],[1.363284,51.382368],[1.364411,51.383037],[1.366939,51.383811],[1.36743,51.38328],[1.366961,51.383135],[1.367092,51.382688],[1.36567,51.382291],[1.367198,51.380035]]]}},{"type":"Feature","properties":{"area_id":"E00125247","people":287,"households":138,"cars_owned":185,"baseline_cars":114,"cars_activated":57,"cars_saved":57,"people_seated":284,"people_unmet":3,"unmet_pct":1.05,"mean_occupancy":4.96,"median_walk_m":54.8},"geometry":{"type":"Polygon","coordinates":[[[1.432492,51.38377],[1.432825,51.383532],[1.432576,51.383112],[1.433106,51.383376],[1.433532,51.383102],[1.433266,51.382491],[1.435033,51.381635],[1.436792,51.382939],[1.437239,51.382911],[1.437588,51.381938],[1.436192,51.379602],[1.436753,51.379227],[1.434013,51.377507],[1.431812,51.376589],[1.430913,51.377456],[1.429055,51.376848],[1.430222,51.375813],[1.429104,51.375049],[1.42341,51.37846],[1.422494,51.379036],[1.426496,51.380952],[1.428381,51.381118],[1.428349,51.381471],[1.429737,51.382465],[1.431387,51.383706],[1.431101,51.384319],[1.432517,51.384629],[1.432156,51.383995],[1.432492,51.38377]]]}},{"type":"Feature","properties":{"area_id":"E00125278","people":358,"households":135,"cars_owned":170,"baseline_cars":107,"cars_activated":43,"cars_saved":64,"people_seated":333,"people_unmet":25,"unmet_pct":6.98,"mean_occupancy":4.95,"median_walk_m":47.7},"geometry":{"type":"Polygon","coordinates":[[[1.401399,51.333192],[1.402164,51.33287],[1.403781,51.332817],[1.404529,51.332328],[1.404605,51.33185],[1.402245,51.331642],[1.401982,51.331623],[1.400147,51.332027],[1.39872,51.332215],[1.399582,51.332716],[1.3998,51.333279],[1.400782,51.332997],[1.401399,51.333192]]]}},{"type":"Feature","properties":{"area_id":"E00125281","people":478,"households":205,"cars_owned":294,"baseline_cars":179,"cars_activated":99,"cars_saved":80,"people_seated":472,"people_unmet":6,"unmet_pct":1.26,"mean_occupancy":4.96,"median_walk_m":34.8},"geometry":{"type":"Polygon","coordinates":[[[1.400312,51.33749],[1.400011,51.337141],[1.40056,51.336437],[1.400096,51.335859],[1.40047,51.335441],[1.399,51.335244],[1.3986,51.335323],[1.398849,51.335926],[1.397605,51.336002],[1.397545,51.336473],[1.396541,51.336623],[1.397098,51.33793],[1.396553,51.338086],[1.396588,51.338394],[1.396062,51.338163],[1.395743,51.338568],[1.396274,51.338906],[1.400307,51.338219],[1.400312,51.33749]]]}},{"type":"Feature","properties":{"area_id":"E00125292","people":333,"households":123,"cars_owned":134,"baseline_cars":89,"cars_activated":74,"cars_saved":15,"people_seated":324,"people_unmet":9,"unmet_pct":2.7,"mean_occupancy":4.96,"median_walk_m":34.5},"geometry":{"type":"Polygon","coordinates":[[[1.390277,51.347701],[1.390157,51.346892],[1.38925,51.346583],[1.388323,51.346756],[1.388253,51.346255],[1.387513,51.345355],[1.384686,51.345987],[1.384795,51.346223],[1.38591,51.348636],[1.38668,51.348638],[1.385899,51.34733],[1.38651,51.347147],[1.386988,51.34714],[1.38738,51.347618],[1.386946,51.347989],[1.387425,51.348316],[1.388715,51.348338],[1.388784,51.347823],[1.389711,51.347998],[1.390277,51.347701]]]}},{"type":"Feature","properties":{"area_id":"E00125304","people":285,"households":118,"cars_owned":167,"baseline_cars":104,"cars_activated":58,"cars_saved":46,"people_seated":283,"people_unmet":2,"unmet_pct":0.7,"mean_occupancy":4.9,"median_walk_m":49.3},"geometry":{"type":"Polygon","coordinates":[[[1.405581,51.351977],[1.406094,51.351592],[1.40653,51.351802],[1.407035,51.351629],[1.408495,51.350627],[1.407871,51.350168],[1.408219,51.349904],[1.407294,51.349485],[1.405827,51.350665],[1.405324,51.350429],[1.405043,51.350684],[1.404207,51.350276],[1.403868,51.350091],[1.403142,51.350781],[1.40287,51.35103],[1.403227,51.351385],[1.403546,51.351025],[1.404055,51.351203],[1.403576,51.351716],[1.403957,51.352087],[1.405112,51.351616],[1.405581,51.351977]]]}},{"type":"Feature","properties":{"area_id":"E00125320","people":225,"households":119,"cars_owned":119,"baseline_cars":76,"cars_activated":42,"cars_saved":34,"people_seated":221,"people_unmet":4,"unmet_pct":1.78,"mean_occupancy":4.93,"median_walk_m":28.4},"geometry":{"type":"Polygon","coordinates":[[[1.406085,51.355038],[1.40594,51.354322],[1.407713,51.353861],[1.40562,51.353364],[1.404714,51.353676],[1.404077,51.354076],[1.404247,51.355066],[1.403573,51.355124],[1.403564,51.35437],[1.403001,51.354469],[1.402904,51.354909],[1.402006,51.355064],[1.402951,51.355298],[1.403049,51.355625],[1.406085,51.355038]]]}},{"type":"Feature","properties":{"area_id":"E00125325","people":346,"households":131,"cars_owned":179,"baseline_cars":117,"cars_activated":77,"cars_saved":40,"people_seated":336,"people_unmet":10,"unmet_pct":2.89,"mean_occupancy":4.95,"median_walk_m":44.1},"geometry":{"type":"Polygon","coordinates":[[[1.413021,51.359074],[1.413397,51.35883],[1.413895,51.358038],[1.413613,51.357771],[1.415634,51.35623],[1.41621,51.356497],[1.41714,51.356274],[1.414955,51.355178],[1.413958,51.354859],[1.412391,51.356002],[1.411064,51.355628],[1.409303,51.357317],[1.410018,51.35853],[1.41114,51.358339],[1.412011,51.359214],[1.413021,51.359074]]]}},{"type":"Feature","properties":{"area_id":"E00125326","people":329,"households":116,"cars_owned":175,"baseline_cars":107,"cars_activated":47,"cars_saved":60,"people_seated":312,"people_unmet":17,"unmet_pct":5.17,"mean_occupancy":4.94,"median_walk_m":62.2},"geometry":{"type":"Polygon","coordinates":[[[1.409303,51.357317],[1.411064,51.355628],[1.412391,51.356002],[1.413958,51.354859],[1.414955,51.355178],[1.412913,51.351306],[1.412582,51.351418],[1.410744,51.352105],[1.407713,51.353861],[1.40594,51.354322],[1.406085,51.355038],[1.406889,51.355899],[1.405168,51.356379],[1.406094,51.357462],[1.40587,51.357857],[1.405972,51.357981],[1.409303,51.357317]]]}},{"type":"Feature","properties":{"area_id":"E00125340","people":306,"households":156,"cars_owned":174,"baseline_cars":106,"cars_activated":49,"cars_saved":57,"people_seated":289,"people_unmet":17,"unmet_pct":5.56,"mean_occupancy":4.98,"median_walk_m":62.5},"geometry":{"type":"Polygon","coordinates":[[[1.41952,51.36389],[1.419234,51.362883],[1.418694,51.362708],[1.419083,51.362417],[1.41956,51.362604],[1.419829,51.361822],[1.419924,51.361386],[1.418784,51.360845],[1.417489,51.360816],[1.416379,51.360024],[1.416849,51.359209],[1.418248,51.359029],[1.417385,51.357141],[1.415587,51.357943],[1.416074,51.358355],[1.414215,51.35937],[1.413397,51.35883],[1.413021,51.359074],[1.414063,51.36039],[1.412252,51.361287],[1.416244,51.362987],[1.415565,51.363596],[1.416644,51.363575],[1.417342,51.364027],[1.418184,51.363363],[1.418793,51.364105],[1.41952,51.36389]]]}},{"type":"Feature","properties":{"area_id":"E00125345","people":186,"households":110,"cars_owned":118,"baseline_cars":87,"cars_activated":48,"cars_saved":39,"people_seated":180,"people_unmet":6,"unmet_pct":3.23,"mean_occupancy":4.98,"median_walk_m":26.9},"geometry":{"type":"Polygon","coordinates":[[[1.425211,51.358415],[1.425224,51.358397],[1.424445,51.356608],[1.42357,51.356938],[1.42287,51.355831],[1.421028,51.356354],[1.421481,51.35726],[1.42208,51.358473],[1.424235,51.35809],[1.424572,51.358489],[1.425211,51.358415]]]}},{"type":"Feature","properties":{"area_id":"E00125346","people":282,"households":115,"cars_owned":169,"baseline_cars":100,"cars_activated":41,"cars_saved":59,"people_seated":271,"people_unmet":11,"unmet_pct":3.9,"mean_occupancy":5.0,"median_walk_m":64.4},"geometry":{"type":"Polygon","coordinates":[[[1.421481,51.35726],[1.421028,51.356354],[1.42287,51.355831],[1.42357,51.356938],[1.424445,51.356608],[1.423926,51.355556],[1.423612,51.354897],[1.421396,51.349786],[1.421368,51.349725],[1.417859,51.350473],[1.416605,51.350739],[1.415187,51.350763],[1.412913,51.351306],[1.414955,51.355178],[1.41714,51.356274],[1.41781,51.356766],[1.419432,51.356681],[1.419242,51.357474],[1.421481,51.35726]]]}},{"type":"Feature","properties":{"area_id":"E00125357","people":356,"households":127,"cars_owned":161,"baseline_cars":98,"cars_activated":46,"cars_saved":52,"people_seated":333,"people_unmet":23,"unmet_pct":6.46,"mean_occupancy":4.91,"median_walk_m":46.5},"geometry":{"type":"Polygon","coordinates":[[[1.38211,51.380407],[1.383276,51.380288],[1.383256,51.379929],[1.383738,51.37987],[1.383583,51.378913],[1.383296,51.378928],[1.38303,51.379432],[1.382626,51.379102],[1.38203,51.379127],[1.381817,51.37851],[1.380613,51.37842],[1.380308,51.37877],[1.38075,51.380164],[1.380298,51.380591],[1.38211,51.380407]]]}},{"type":"Feature","properties":{"area_id":"E00125361","people":386,"households":136,"cars_owned":151,"baseline_cars":102,"cars_activated":75,"cars_saved":27,"people_seated":345,"people_unmet":41,"unmet_pct":10.62,"mean_occupancy":4.99,"median_walk_m":38.0},"geometry":{"type":"Polygon","coordinates":[[[1.384687,51.378831],[1.38519,51.378488],[1.385391,51.378252],[1.386372,51.378315],[1.386079,51.377428],[1.38517,51.376878],[1.384148,51.377447],[1.383375,51.377829],[1.382177,51.377234],[1.381769,51.377694],[1.382039,51.377889],[1.383109,51.378405],[1.383296,51.378928],[1.383583,51.378913],[1.384277,51.379025],[1.384687,51.378831]]]}},{"type":"Feature","properties":{"area_id":"E00125371","people":315,"households":124,"cars_owned":134,"baseline_cars":95,"cars_activated":58,"cars_saved":37,"people_seated":266,"people_unmet":49,"unmet_pct":15.56,"mean_occupancy":5.0,"median_walk_m":46.5},"geometry":{"type":"Polygon","coordinates":[[[1.42826,51.343621],[1.427174,51.342727],[1.42697,51.342887],[1.426333,51.341559],[1.42372,51.342062],[1.423273,51.343151],[1.426491,51.342657],[1.426668,51.343413],[1.427027,51.343378],[1.427753,51.343883],[1.42826,51.343621]]]}},{"type":"Feature","properties":{"area_id":"E00125385","people":466,"households":195,"cars_owned":307,"baseline_cars":177,"cars_activated":95,"cars_saved":82,"people_seated":463,"people_unmet":3,"unmet_pct":0.64,"mean_occupancy":4.87,"median_walk_m":47.7},"geometry":{"type":"Polygon","coordinates":[[[1.306276,51.337275],[1.308667,51.335329],[1.309528,51.335503],[1.310653,51.335009],[1.312962,51.33547],[1.313521,51.335156],[1.312771,51.33497],[1.312704,51.334446],[1.309076,51.334036],[1.308076,51.333146],[1.304467,51.331816],[1.301405,51.329628],[1.300516,51.324764],[1.293628,51.32073],[1.290852,51.321394],[1.284829,51.321527],[1.283224,51.321339],[1.281511,51.320513],[1.281369,51.322238],[1.282668,51.322708],[1.282781,51.324564],[1.282139,51.325302],[1.283623,51.327161],[1.281388,51.328018],[1.282228,51.329514],[1.282228,51.330333],[1.286779,51.331124],[1.2875,51.332531],[1.288668,51.332159],[1.289922,51.334017],[1.290712,51.336818],[1.293173,51.336871],[1.294785,51.343663],[1.300526,51.343738],[1.301243,51.342043],[1.306276,51.337275]]]}},{"type":"Feature","properties":{"area_id":"E00125386","people":304,"households":121,"cars_owned":140,"baseline_cars":90,"cars_activated":55,"cars_saved":35,"people_seated":294,"people_unmet":10,"unmet_pct":3.29,"mean_occupancy":4.95,"median_walk_m":46.0},"geometry":{"type":"Polygon","coordinates":[[[1.314738,51.331008],[1.314245,51.330397],[1.313016,51.330473],[1.312974,51.32996],[1.310908,51.330569],[1.310999,51.33192],[1.31164,51.331957],[1.3121,51.332671],[1.311535,51.333444],[1.311882,51.333802],[1.312682,51.333513],[1.313382,51.334229],[1.31392,51.333073],[1.314914,51.33286],[1.314452,51.332062],[1.314738,51.331008]]]}},{"type":"Feature","properties":{"area_id":"E00125390","people":493,"households":172,"cars_owned":291,"baseline_cars":160,"cars_activated":92,"cars_saved":68,"people_seated":491,"people_unmet":2,"unmet_pct":0.41,"mean_occupancy":4.86,"median_walk_m":67.6},"geometry":{"type":"Polygon","coordinates":[[[1.365235,51.353039],[1.362281,51.349333],[1.361535,51.347633],[1.352149,51.349062],[1.347024,51.349299],[1.340953,51.347395],[1.330363,51.346149],[1.323648,51.347017],[1.325171,51.350977],[1.326962,51.354906],[1.333834,51.352144],[1.33524,51.353038],[1.337049,51.353236],[1.337482,51.35358],[1.339677,51.352579],[1.340826,51.353582],[1.341348,51.353409],[1.343,51.352661],[1.347827,51.355899],[1.35,51.354453],[1.353261,51.356295],[1.358393,51.353591],[1.360161,51.355768],[1.365235,51.353039]]]}},{"type":"Feature","properties":{"area_id":"E00125396","people":380,"households":164,"cars_owned":274,"baseline_cars":152,"cars_activated":50,"cars_saved":102,"people_seated":376,"people_unmet":4,"unmet_pct":1.05,"mean_occupancy":4.72,"median_walk_m":95.1},"geometry":{"type":"MultiPolygon","coordinates":[[[[1.270949,51.321501],[1.272193,51.320868],[1.270885,51.321515],[1.270949,51.321501]]],[[[1.252408,51.326961],[1.252544,51.326512],[1.252475,51.326585],[1.252408,51.326961]]],[[[1.305408,51.356811],[1.305349,51.353412],[1.309224,51.353826],[1.309842,51.352312],[1.311817,51.352168],[1.311841,51.35138],[1.314369,51.351287],[1.314934,51.352632],[1.316677,51.352304],[1.317106,51.353174],[1.319975,51.352726],[1.31982,51.352494],[1.325171,51.350977],[1.323648,51.347017],[1.323244,51.345945],[1.317865,51.346094],[1.317481,51.346104],[1.318013,51.347542],[1.313915,51.348298],[1.313332,51.347087],[1.310916,51.347425],[1.310593,51.347685],[1.311171,51.349116],[1.303404,51.349227],[1.297651,51.350602],[1.295593,51.347364],[1.294785,51.343663],[1.293173,51.336871],[1.290712,51.336818],[1.289922,51.334017],[1.288668,51.332159],[1.2875,51.332531],[1.286779,51.331124],[1.282228,51.330333],[1.282228,51.329514],[1.281388,51.328018],[1.283623,51.327161],[1.282139,51.325302],[1.282781,51.324564],[1.282668,51.322708],[1.281369,51.322238],[1.281511,51.320513],[1.28105,51.320291],[1.280148,51.320223],[1.275504,51.320217],[1.273033,51.320658],[1.27077,51.321803],[1.268128,51.322338],[1.263539,51.32223],[1.263293,51.322228],[1.257953,51.323418],[1.253188,51.325993],[1.252165,51.328325],[1.252151,51.3284],[1.252125,51.328416],[1.251905,51.328917],[1.250836,51.329471],[1.250525,51.329443],[1.2532,51.332895],[1.256855,51.339119],[1.255245,51.339164],[1.255461,51.33953],[1.260307,51.344567],[1.261625,51.344333],[1.265537,51.348587],[1.270369,51.348608],[1.27316,51.348271],[1.273675,51.348802],[1.274773,51.349136],[1.28211,51.352292],[1.284569,51.351897],[1.286915,51.351962],[1.288574,51.360717],[1.290539,51.364019],[1.291485,51.363946],[1.295026,51.363114],[1.303898,51.360331],[1.302659,51.356986],[1.305408,51.356811]]],[[[1.280865,51.342887],[1.279882,51.339647],[1.279062,51.33975],[1.278856,51.340162],[1.276844,51.340193],[1.277247,51.3407],[1.273949,51.34147],[1.27258,51.33989],[1.273583,51.339738],[1.275008,51.337938],[1.274585,51.33701],[1.276094,51.337343],[1.276089,51.336932],[1.277421,51.336658],[1.278461,51.338261],[1.278637,51.337661],[1.280463,51.337101],[1.280995,51.337865],[1.281253,51.337441],[1.282678,51.337945],[1.28328,51.337587],[1.285743,51.34073],[1.287196,51.343471],[1.281469,51.343293],[1.281165,51.34367],[1.280573,51.343624],[1.280865,51.342887]]]]}},{"type":"Feature","properties":{"area_id":"E00125404","people":298,"households":126,"cars_owned":145,"baseline_cars":99,"cars_activated":76,"cars_saved":23,"people_seated":291,"people_unmet":7,"unmet_pct":2.35,"mean_occupancy":4.97,"median_walk_m":31.9},"geometry":{"type":"Polygon","coordinates":[[[1.434551,51.355266],[1.433482,51.355496],[1.432997,51.35378],[1.431856,51.354005],[1.431671,51.354431],[1.432233,51.356465],[1.43372,51.356343],[1.433844,51.356669],[1.434901,51.356369],[1.434551,51.355266]]]}},{"type":"Feature","properties":{"area_id":"E00125411","people":307,"households":124,"cars_owned":172,"baseline_cars":103,"cars_activated":60,"cars_saved":43,"people_seated":288,"people_unmet":19,"unmet_pct":6.19,"mean_occupancy":5.0,"median_walk_m":39.1},"geometry":{"type":"Polygon","coordinates":[[[1.432233,51.356465],[1.431671,51.354431],[1.431856,51.354005],[1.432997,51.35378],[1.432813,51.353139],[1.431527,51.353016],[1.430977,51.352235],[1.430091,51.351865],[1.429893,51.352729],[1.429039,51.35293],[1.428918,51.353348],[1.429391,51.35332],[1.429692,51.353779],[1.428978,51.35442],[1.42957,51.354373],[1.430794,51.356454],[1.431109,51.356883],[1.432233,51.356465]]]}},{"type":"Feature","properties":{"area_id":"E00125434","people":285,"households":128,"cars_owned":198,"baseline_cars":116,"cars_activated":56,"cars_saved":60,"people_seated":281,"people_unmet":4,"unmet_pct":1.4,"mean_occupancy":4.82,"median_walk_m":58.8},"geometry":{"type":"Polygon","coordinates":[[[1.356678,51.38607],[1.356674,51.386011],[1.357938,51.385754],[1.35786,51.385292],[1.356726,51.385315],[1.356697,51.384917],[1.355868,51.384772],[1.353918,51.385043],[1.351364,51.384945],[1.351129,51.383507],[1.350374,51.383252],[1.3496,51.383511],[1.348713,51.382984],[1.347976,51.38339],[1.348105,51.383888],[1.347415,51.384138],[1.346758,51.38407],[1.346703,51.382922],[1.345043,51.383064],[1.345109,51.383989],[1.345194,51.385127],[1.345209,51.385129],[1.346137,51.385881],[1.348715,51.385889],[1.350645,51.38694],[1.351905,51.387248],[1.353366,51.387143],[1.356014,51.386204],[1.356678,51.38607]]]}},{"type":"Feature","properties":{"area_id":"E00125440","people":491,"households":205,"cars_owned":259,"baseline_cars":165,"cars_activated":146,"cars_saved":19,"people_seated":473,"people_unmet":18,"unmet_pct":3.67,"mean_occupancy":5.0,"median_walk_m":25.7},"geometry":{"type":"Polygon","coordinates":[[[1.339089,51.377562],[1.339461,51.376564],[1.338925,51.376246],[1.337558,51.376124],[1.337227,51.377291],[1.33379,51.37683],[1.333161,51.377145],[1.332598,51.376731],[1.331774,51.37666],[1.331098,51.37662],[1.330706,51.377893],[1.331359,51.378274],[1.331784,51.378213],[1.331352,51.378094],[1.331396,51.377603],[1.33301,51.377703],[1.333755,51.378247],[1.336039,51.37777],[1.33716,51.378311],[1.337894,51.377931],[1.337937,51.377396],[1.338813,51.377519],[1.338891,51.377921],[1.339089,51.377562]]]}},{"type":"Feature","properties":{"area_id":"E00125445","people":359,"households":163,"cars_owned":212,"baseline_cars":134,"cars_activated":69,"cars_saved":65,"people_seated":351,"people_unmet":8,"unmet_pct":2.23,"mean_occupancy":4.84,"median_walk_m":36.7},"geometry":{"type":"Polygon","coordinates":[[[1.340023,51.378826],[1.33957,51.378389],[1.340274,51.378029],[1.339885,51.3776],[1.339089,51.377562],[1.338891,51.377921],[1.338813,51.377519],[1.337937,51.377396],[1.337894,51.377931],[1.33716,51.378311],[1.336039,51.37777],[1.333755,51.378247],[1.33301,51.377703],[1.331396,51.377603],[1.331352,51.378094],[1.331784,51.378213],[1.331359,51.378274],[1.330706,51.377893],[1.330418,51.378287],[1.330026,51.378236],[1.331607,51.378587],[1.332221,51.37869],[1.332372,51.379271],[1.334234,51.379476],[1.334827,51.378968],[1.337691,51.379365],[1.33767,51.378517],[1.338797,51.379121],[1.338316,51.379464],[1.338942,51.379572],[1.339846,51.379552],[1.340023,51.378826]]]}},{"type":"Feature","properties":{"area_id":"E00125453","people":380,"households":141,"cars_owned":162,"baseline_cars":108,"cars_activated":60,"cars_saved":48,"people_seated":374,"people_unmet":6,"unmet_pct":1.58,"mean_occupancy":4.92,"median_walk_m":42.1},"geometry":{"type":"Polygon","coordinates":[[[1.328834,51.370398],[1.327184,51.371037],[1.32497,51.371389],[1.325569,51.372082],[1.325154,51.37369],[1.326804,51.373911],[1.327603,51.373887],[1.328435,51.372623],[1.328834,51.370398]]]}},{"type":"Feature","properties":{"area_id":"E00125459","people":226,"households":139,"cars_owned":130,"baseline_cars":96,"cars_activated":30,"cars_saved":66,"people_seated":219,"people_unmet":7,"unmet_pct":3.1,"mean_occupancy":5.0,"median_walk_m":62.1},"geometry":{"type":"Polygon","coordinates":[[[1.339514,51.385185],[1.339443,51.385057],[1.337906,51.385572],[1.337035,51.385357],[1.336847,51.385445],[1.335226,51.385597],[1.33423,51.384942],[1.334339,51.384066],[1.335754,51.383891],[1.335173,51.38354],[1.335501,51.383389],[1.335395,51.38302],[1.334968,51.383001],[1.336124,51.38296],[1.336522,51.382687],[1.335769,51.382577],[1.336053,51.381786],[1.335514,51.382014],[1.334927,51.38162],[1.334709,51.382138],[1.334154,51.381964],[1.333577,51.381987],[1.333271,51.38251],[1.332573,51.382194],[1.332138,51.382567],[1.332755,51.38276],[1.332472,51.383047],[1.333294,51.383412],[1.333575,51.384042],[1.333234,51.385516],[1.33492,51.386353],[1.339514,51.385185]]]}},{"type":"Feature","properties":{"area_id":"E00166928","people":427,"households":220,"cars_owned":125,"baseline_cars":108,"cars_activated":60,"cars_saved":48,"people_seated":379,"people_unmet":48,"unmet_pct":11.24,"mean_occupancy":5.0,"median_walk_m":17.0},"geometry":{"type":"Polygon","coordinates":[[[1.399017,51.390915],[1.399632,51.390878],[1.399592,51.390569],[1.398184,51.390409],[1.398025,51.39007],[1.397356,51.390077],[1.396897,51.390575],[1.395778,51.390863],[1.395478,51.391466],[1.396201,51.391031],[1.399017,51.390915]]]}},{"type":"Feature","properties":{"area_id":"E00166930","people":392,"households":170,"cars_owned":102,"baseline_cars":82,"cars_activated":56,"cars_saved":26,"people_seated":298,"people_unmet":94,"unmet_pct":23.98,"mean_occupancy":5.0,"median_walk_m":37.4},"geometry":{"type":"Polygon","coordinates":[[[1.392833,51.391427],[1.393461,51.391049],[1.393432,51.390239],[1.39157,51.39051],[1.391051,51.390791],[1.391851,51.391509],[1.392833,51.391427]]]}},{"type":"Feature","properties":{"area_id":"E00166936","people":216,"households":105,"cars_owned":45,"baseline_cars":35,"cars_activated":17,"cars_saved":18,"people_seated":134,"people_unmet":82,"unmet_pct":37.96,"mean_occupancy":4.76,"median_walk_m":47.5},"geometry":{"type":"Polygon","coordinates":[[[1.392833,51.391427],[1.391851,51.391509],[1.391051,51.390791],[1.390536,51.390727],[1.390821,51.391769],[1.391327,51.391654],[1.391461,51.39197],[1.392866,51.391731],[1.392833,51.391427]]]}},{"type":"Feature","properties":{"area_id":"E00166940","people":287,"households":125,"cars_owned":214,"baseline_cars":114,"cars_activated":52,"cars_saved":62,"people_seated":286,"people_unmet":1,"unmet_pct":0.35,"mean_occupancy":4.62,"median_walk_m":210.4},"geometry":{"type":"Polygon","coordinates":[[[1.369473,51.374012],[1.379867,51.37046],[1.381475,51.369927],[1.380414,51.366092],[1.375553,51.364324],[1.374609,51.363618],[1.37247,51.360144],[1.373795,51.358135],[1.367715,51.355682],[1.365235,51.353039],[1.360161,51.355768],[1.358393,51.353591],[1.353261,51.356295],[1.35,51.354453],[1.347827,51.355899],[1.343,51.352661],[1.341348,51.353409],[1.341857,51.356969],[1.34089,51.357569],[1.341111,51.357851],[1.340595,51.358261],[1.336649,51.360667],[1.33774,51.361315],[1.338607,51.3662],[1.334159,51.367508],[1.341255,51.369758],[1.344584,51.37029],[1.350425,51.370185],[1.36021,51.371812],[1.362001,51.372286],[1.361627,51.372566],[1.363549,51.373183],[1.363892,51.372746],[1.367801,51.373277],[1.367722,51.373909],[1.368119,51.374122],[1.368675,51.373554],[1.369473,51.374012]]]}},{"type":"Feature","properties":{"area_id":"E00190184","people":230,"households":127,"cars_owned":74,"baseline_cars":61,"cars_activated":26,"cars_saved":35,"people_seated":222,"people_unmet":8,"unmet_pct":3.48,"mean_occupancy":5.0,"median_walk_m":59.8},"geometry":{"type":"Polygon","coordinates":[[[1.417876,51.334774],[1.418752,51.334261],[1.420872,51.332358],[1.419834,51.332067],[1.420145,51.332629],[1.418872,51.333036],[1.418531,51.333704],[1.417547,51.332784],[1.41635,51.333347],[1.415841,51.333918],[1.416364,51.334139],[1.416677,51.334271],[1.416269,51.334759],[1.416698,51.334975],[1.417876,51.334774]]]}},{"type":"Feature","properties":{"area_id":"E00190202","people":226,"households":128,"cars_owned":115,"baseline_cars":83,"cars_activated":20,"cars_saved":63,"people_seated":225,"people_unmet":1,"unmet_pct":0.44,"mean_occupancy":4.7,"median_walk_m":58.8},"geometry":{"type":"Polygon","coordinates":[[[1.367267,51.386155],[1.366036,51.385475],[1.367159,51.384768],[1.368074,51.385205],[1.368687,51.385126],[1.369129,51.384616],[1.3687,51.384469],[1.366939,51.383811],[1.364411,51.383037],[1.364405,51.383036],[1.365627,51.38399],[1.365283,51.383999],[1.365388,51.385139],[1.364704,51.384914],[1.364512,51.385521],[1.366212,51.386189],[1.366617,51.386248],[1.366775,51.38641],[1.367568,51.386721],[1.368215,51.386709],[1.368311,51.386472],[1.367267,51.386155]]]}},{"type":"Feature","properties":{"area_id":"E00125023","people":306,"households":146,"cars_owned":116,"baseline_cars":80,"cars_activated":41,"cars_saved":39,"people_seated":279,"people_unmet":27,"unmet_pct":8.82,"mean_occupancy":5.0,"median_walk_m":50.1},"geometry":{"type":"Polygon","coordinates":[[[1.42481,51.372213],[1.423755,51.371889],[1.422488,51.371782],[1.421658,51.37258],[1.420701,51.372279],[1.420186,51.372376],[1.419673,51.372433],[1.419552,51.372783],[1.421564,51.373291],[1.422879,51.373158],[1.425811,51.373753],[1.425826,51.373452],[1.426712,51.373118],[1.424583,51.372593],[1.42481,51.372213]]]}},{"type":"Feature","properties":{"area_id":"E00125029","people":326,"households":127,"cars_owned":161,"baseline_cars":99,"cars_activated":59,"cars_saved":40,"people_seated":321,"people_unmet":5,"unmet_pct":1.53,"mean_occupancy":4.93,"median_walk_m":40.8},"geometry":{"type":"Polygon","coordinates":[[[1.427759,51.36638],[1.426173,51.367122],[1.423179,51.368199],[1.422985,51.368266],[1.423833,51.369033],[1.424309,51.368634],[1.425129,51.368948],[1.425752,51.369776],[1.426754,51.369377],[1.427167,51.36859],[1.428257,51.368467],[1.429094,51.367888],[1.429146,51.366841],[1.427759,51.36638]]]}},{"type":"Feature","properties":{"area_id":"E00125039","people":253,"households":123,"cars_owned":159,"baseline_cars":101,"cars_activated":47,"cars_saved":54,"people_seated":251,"people_unmet":2,"unmet_pct":0.79,"mean_occupancy":4.79,"median_walk_m":62.1},"geometry":{"type":"Polygon","coordinates":[[[1.300219,51.378485],[1.299371,51.37876],[1.29891,51.378935],[1.298621,51.378635],[1.296828,51.379227],[1.29664,51.378854],[1.296117,51.378831],[1.29625,51.378468],[1.295518,51.378331],[1.295143,51.37884],[1.295887,51.37953],[1.295798,51.379892],[1.295231,51.380042],[1.293454,51.377705],[1.293686,51.377332],[1.29218,51.377683],[1.292162,51.377915],[1.293939,51.380049],[1.294586,51.380674],[1.294847,51.381152],[1.297394,51.381432],[1.298018,51.380899],[1.297342,51.380561],[1.297287,51.379537],[1.297798,51.379794],[1.298327,51.379682],[1.298484,51.380067],[1.298841,51.379951],[1.299201,51.379187],[1.300219,51.378485]]]}},{"type":"Feature","properties":{"area_id":"E00125052","people":289,"households":145,"cars_owned":160,"baseline_cars":107,"cars_activated":51,"cars_saved":56,"people_seated":286,"people_unmet":3,"unmet_pct":1.04,"mean_occupancy":4.92,"median_walk_m":53.9},"geometry":{"type":"Polygon","coordinates":[[[1.301609,51.374957],[1.301379,51.374366],[1.301732,51.37381],[1.301208,51.373364],[1.300424,51.373457],[1.299811,51.374151],[1.295881,51.373761],[1.293972,51.374631],[1.294969,51.376302],[1.294528,51.376576],[1.294653,51.377129],[1.298519,51.377383],[1.299402,51.376389],[1.298942,51.37574],[1.299425,51.375816],[1.299674,51.375398],[1.3004,51.375509],[1.300807,51.375373],[1.300635,51.375062],[1.30095,51.375303],[1.301609,51.374957]]]}},{"type":"Feature","properties":{"area_id":"E00125057","people":246,"households":138,"cars_owned":137,"baseline_cars":100,"cars_activated":48,"cars_saved":52,"people_seated":241,"people_unmet":5,"unmet_pct":2.03,"mean_occupancy":4.94,"median_walk_m":45.5},"geometry":{"type":"Polygon","coordinates":[[[1.305356,51.370567],[1.305837,51.369908],[1.305422,51.369805],[1.305756,51.369344],[1.305112,51.368873],[1.303994,51.368913],[1.302995,51.369381],[1.303309,51.369677],[1.302191,51.370432],[1.302473,51.370739],[1.303736,51.37157],[1.305356,51.370567]]]}},{"type":"Feature","properties":{"area_id":"E00125070","people":168,"households":83,"cars_owned":71,"baseline_cars":55,"cars_activated":47,"cars_saved":8,"people_seated":165,"people_unmet":3,"unmet_pct":1.79,"mean_occupancy":5.0,"median_walk_m":37.9},"geometry":{"type":"Polygon","coordinates":[[[1.444113,51.360806],[1.443656,51.360292],[1.443974,51.360067],[1.443173,51.359585],[1.444001,51.35909],[1.440968,51.360002],[1.439705,51.360139],[1.439678,51.360527],[1.440129,51.360831],[1.44082,51.360563],[1.441158,51.361028],[1.44152,51.360936],[1.441506,51.361479],[1.442948,51.361537],[1.442399,51.361225],[1.442847,51.360772],[1.444113,51.360806]]]}},{"type":"Feature","properties":{"area_id":"E00125081","people":275,"households":128,"cars_owned":177,"baseline_cars":114,"cars_activated":64,"cars_saved":50,"people_seated":274,"people_unmet":1,"unmet_pct":0.36,"mean_occupancy":4.84,"median_walk_m":32.3},"geometry":{"type":"Polygon","coordinates":[[[1.440866,51.370961],[1.440092,51.370798],[1.440037,51.36964],[1.439567,51.369671],[1.43938,51.369342],[1.437296,51.369602],[1.437035,51.369242],[1.43869,51.369156],[1.438824,51.368576],[1.438058,51.368268],[1.437835,51.367501],[1.4349,51.367478],[1.43447,51.368153],[1.435167,51.368174],[1.435245,51.36856],[1.434146,51.368532],[1.433018,51.36913],[1.433841,51.370922],[1.433135,51.371192],[1.433801,51.371752],[1.437705,51.371191],[1.437113,51.370223],[1.437982,51.370063],[1.438867,51.371364],[1.440866,51.370961]]]}},{"type":"Feature","properties":{"area_id":"E00125090","people":266,"households":120,"cars_owned":119,"baseline_cars":79,"cars_activated":47,"cars_saved":32,"people_seated":241,"people_unmet":25,"unmet_pct":9.4,"mean_occupancy":4.96,"median_walk_m":29.4},"geometry":{"type":"Polygon","coordinates":[[[1.408015,51.337433],[1.4073,51.337311],[1.405504,51.337948],[1.402777,51.337664],[1.4014,51.340274],[1.403219,51.340456],[1.404899,51.340943],[1.407019,51.340461],[1.407207,51.339882],[1.406457,51.33831],[1.407263,51.338301],[1.408015,51.337433]]]}},{"type":"Feature","properties":{"area_id":"E00125095","people":294,"households":122,"cars_owned":143,"baseline_cars":101,"cars_activated":85,"cars_saved":16,"people_seated":279,"people_unmet":15,"unmet_pct":5.1,"mean_occupancy":5.0,"median_walk_m":22.1},"geometry":{"type":"Polygon","coordinates":[[[1.408015,51.337433],[1.409953,51.337271],[1.409287,51.336783],[1.408109,51.335861],[1.408515,51.335728],[1.408288,51.335465],[1.406851,51.335184],[1.405175,51.335627],[1.404984,51.335961],[1.405569,51.336974],[1.405504,51.337948],[1.4073,51.337311],[1.408015,51.337433]]]}},{"type":"Feature","properties":{"area_id":"E00125096","people":297,"households":134,"cars_owned":164,"baseline_cars":105,"cars_activated":77,"cars_saved":28,"people_seated":287,"people_unmet":10,"unmet_pct":3.37,"mean_occupancy":5.0,"median_walk_m":27.9},"geometry":{"type":"Polygon","coordinates":[[[1.412849,51.336375],[1.41342,51.335001],[1.413142,51.334788],[1.412193,51.33509],[1.411567,51.334822],[1.410496,51.33524],[1.409942,51.334572],[1.409559,51.334785],[1.409303,51.334539],[1.408997,51.334753],[1.409455,51.33487],[1.409203,51.33514],[1.40969,51.335563],[1.409237,51.335738],[1.409891,51.336239],[1.41067,51.336141],[1.411252,51.336504],[1.412849,51.336375]]]}},{"type":"Feature","properties":{"area_id":"E00125102","people":316,"households":130,"cars_owned":140,"baseline_cars":98,"cars_activated":55,"cars_saved":43,"people_seated":279,"people_unmet":37,"unmet_pct":11.71,"mean_occupancy":5.0,"median_walk_m":25.3},"geometry":{"type":"Polygon","coordinates":[[[1.40943,51.333521],[1.409914,51.333093],[1.409441,51.332971],[1.409547,51.332617],[1.407976,51.332365],[1.407963,51.33292],[1.407435,51.333087],[1.407738,51.333722],[1.407008,51.33409],[1.40835,51.335061],[1.408632,51.334458],[1.408144,51.333513],[1.40943,51.333521]]]}},{"type":"Feature","properties":{"area_id":"E00125107","people":344,"households":202,"cars_owned":141,"baseline_cars":107,"cars_activated":99,"cars_saved":8,"people_seated":303,"people_unmet":41,"unmet_pct":11.92,"mean_occupancy":4.96,"median_walk_m":23.9},"geometry":{"type":"Polygon","coordinates":[[[1.419802,51.332065],[1.418253,51.331433],[1.41747,51.331564],[1.417828,51.331411],[1.41712,51.331289],[1.417513,51.330837],[1.417022,51.330498],[1.416177,51.330822],[1.415363,51.331541],[1.414287,51.331177],[1.414358,51.331356],[1.415113,51.331762],[1.416294,51.332015],[1.416581,51.331818],[1.416867,51.331998],[1.416551,51.332366],[1.417127,51.332593],[1.41794,51.332099],[1.418227,51.332789],[1.419172,51.331966],[1.419802,51.332065]]]}},{"type":"Feature","properties":{"area_id":"E00125110","people":278,"households":155,"cars_owned":115,"baseline_cars":90,"cars_activated":48,"cars_saved":42,"people_seated":238,"people_unmet":40,"unmet_pct":14.39,"mean_occupancy":5.0,"median_walk_m":36.1},"geometry":{"type":"Polygon","coordinates":[[[1.416177,51.330822],[1.417022,51.330498],[1.415941,51.329579],[1.414336,51.329232],[1.413199,51.329487],[1.41323,51.330211],[1.414304,51.33078],[1.414932,51.331111],[1.415571,51.330564],[1.416177,51.330822]]]}},{"type":"Feature","properties":{"area_id":"E00125115","people":352,"households":153,"cars_owned":268,"baseline_cars":141,"cars_activated":83,"cars_saved":58,"people_seated":351,"people_unmet":1,"unmet_pct":0.28,"mean_occupancy":4.89,"median_walk_m":46.9},"geometry":{"type":"Polygon","coordinates":[[[1.377744,51.331668],[1.374207,51.329918],[1.370922,51.328316],[1.369228,51.329499],[1.367415,51.329997],[1.367407,51.330444],[1.36845,51.33177],[1.369475,51.332064],[1.370693,51.332271],[1.370948,51.330707],[1.374894,51.331561],[1.37727,51.331852],[1.377744,51.331668]]]}},{"type":"Feature","properties":{"area_id":"E00125116","people":301,"households":130,"cars_owned":188,"baseline_cars":109,"cars_activated":102,"cars_saved":7,"people_seated":300,"people_unmet":1,"unmet_pct":0.33,"mean_occupancy":4.96,"median_walk_m":26.3},"geometry":{"type":"Polygon","coordinates":[[[1.394044,51.333798],[1.394022,51.333734],[1.393068,51.332667],[1.393897,51.332029],[1.393221,51.331348],[1.39471,51.330989],[1.394611,51.330665],[1.396595,51.330294],[1.396203,51.330022],[1.393424,51.330512],[1.391607,51.329426],[1.391125,51.3295],[1.390734,51.328786],[1.390687,51.328046],[1.389523,51.328809],[1.389006,51.329777],[1.389596,51.334421],[1.391768,51.334379],[1.394044,51.333798]]]}},{"type":"Feature","properties":{"area_id":"E00125144","people":256,"households":124,"cars_owned":162,"baseline_cars":107,"cars_activated":31,"cars_saved":76,"people_seated":245,"people_unmet":11,"unmet_pct":4.3,"mean_occupancy":4.9,"median_walk_m":74.0},"geometry":{"type":"Polygon","coordinates":[[[1.42223,51.384754],[1.422653,51.384479],[1.421961,51.383571],[1.418611,51.384426],[1.418865,51.385055],[1.419654,51.386025],[1.419713,51.386426],[1.419051,51.386571],[1.419207,51.386857],[1.419449,51.387288],[1.420087,51.387157],[1.421252,51.386965],[1.421583,51.387308],[1.422416,51.386751],[1.421622,51.385714],[1.421028,51.38579],[1.420858,51.385554],[1.42223,51.384754]]]}},{"type":"Feature","properties":{"area_id":"E00125178","people":216,"households":111,"cars_owned":101,"baseline_cars":74,"cars_activated":51,"cars_saved":23,"people_seated":182,"people_unmet":34,"unmet_pct":15.74,"mean_occupancy":5.0,"median_walk_m":46.1},"geometry":{"type":"Polygon","coordinates":[[[1.410113,51.382121],[1.410156,51.382112],[1.409143,51.379824],[1.409624,51.379659],[1.409531,51.379382],[1.40865,51.379516],[1.408326,51.379574],[1.404969,51.380333],[1.405296,51.380623],[1.406882,51.38027],[1.407194,51.380431],[1.407811,51.381461],[1.406233,51.381822],[1.405515,51.382104],[1.404824,51.381746],[1.404468,51.382078],[1.405614,51.38277],[1.405534,51.383124],[1.410113,51.382121]]]}},{"type":"Feature","properties":{"area_id":"E00125193","people":335,"households":121,"cars_owned":92,"baseline_cars":73,"cars_activated":53,"cars_saved":20,"people_seated":268,"people_unmet":67,"unmet_pct":20.0,"mean_occupancy":4.94,"median_walk_m":48.6},"geometry":{"type":"Polygon","coordinates":[[[1.4136,51.376837],[1.41288,51.376094],[1.411332,51.375252],[1.410506,51.375938],[1.409653,51.376056],[1.408992,51.375768],[1.408603,51.376286],[1.409369,51.376633],[1.410999,51.376668],[1.411577,51.376112],[1.412285,51.376478],[1.412403,51.377123],[1.4136,51.376837]]]}},{"type":"Feature","properties":{"area_id":"E00125199","people":292,"households":119,"cars_owned":139,"baseline_cars":92,"cars_activated":42,"cars_saved":50,"people_seated":281,"people_unmet":11,"unmet_pct":3.77,"mean_occupancy":5.0,"median_walk_m":36.7},"geometry":{"type":"Polygon","coordinates":[[[1.403808,51.383141],[1.402116,51.382145],[1.403338,51.381568],[1.40241,51.380753],[1.401622,51.380558],[1.400896,51.380588],[1.401867,51.381132],[1.401788,51.381563],[1.400118,51.382027],[1.399647,51.382603],[1.400031,51.382599],[1.401838,51.382329],[1.40271,51.38346],[1.403808,51.383141]]]}},{"type":"Feature","properties":{"area_id":"E00125208","people":225,"households":132,"cars_owned":88,"baseline_cars":64,"cars_activated":46,"cars_saved":18,"people_seated":191,"people_unmet":34,"unmet_pct":15.11,"mean_occupancy":5.0,"median_walk_m":32.8},"geometry":{"type":"Polygon","coordinates":[[[1.425798,51.335973],[1.42607,51.335738],[1.426199,51.335444],[1.425759,51.334974],[1.425467,51.335121],[1.425177,51.334888],[1.424355,51.335282],[1.423798,51.334805],[1.423242,51.334841],[1.42329,51.335195],[1.424112,51.335883],[1.424279,51.3361],[1.425203,51.33573],[1.425798,51.335973]]]}},{"type":"Feature","properties":{"area_id":"E00125212","people":333,"households":126,"cars_owned":174,"baseline_cars":110,"cars_activated":84,"cars_saved":26,"people_seated":313,"people_unmet":20,"unmet_pct":6.01,"mean_occupancy":5.0,"median_walk_m":22.8},"geometry":{"type":"Polygon","coordinates":[[[1.419399,51.342594],[1.419606,51.341319],[1.418693,51.341499],[1.418134,51.340956],[1.417765,51.34144],[1.4176,51.341008],[1.416843,51.340742],[1.417319,51.341871],[1.417957,51.343363],[1.417199,51.343434],[1.417736,51.34391],[1.417315,51.345512],[1.418804,51.345991],[1.418485,51.343278],[1.419399,51.342594]]]}},{"type":"Feature","properties":{"area_id":"E00125217","people":296,"households":134,"cars_owned":144,"baseline_cars":107,"cars_activated":67,"cars_saved":40,"people_seated":259,"people_unmet":37,"unmet_pct":12.5,"mean_occupancy":5.0,"median_walk_m":26.4},"geometry":{"type":"Polygon","coordinates":[[[1.423651,51.340572],[1.42327,51.340081],[1.423663,51.339889],[1.422782,51.339003],[1.422481,51.33912],[1.422523,51.339629],[1.421446,51.340116],[1.421288,51.340805],[1.422078,51.340775],[1.422558,51.341264],[1.423651,51.340572]]]}},{"type":"Feature","properties":{"area_id":"E00125221","people":340,"households":145,"cars_owned":112,"baseline_cars":83,"cars_activated":67,"cars_saved":16,"people_seated":281,"people_unmet":59,"unmet_pct":17.35,"mean_occupancy":5.0,"median_walk_m":28.9},"geometry":{"type":"Polygon","coordinates":[[[1.421891,51.338423],[1.421551,51.337966],[1.420609,51.338081],[1.41794,51.337208],[1.41848,51.338183],[1.41836,51.33913],[1.419072,51.339548],[1.419777,51.339246],[1.41993,51.339518],[1.420183,51.33972],[1.420673,51.339529],[1.421305,51.338488],[1.421891,51.338423]]]}},{"type":"Feature","properties":{"area_id":"E00125245","people":378,"households":156,"cars_owned":259,"baseline_cars":142,"cars_activated":90,"cars_saved":52,"people_seated":372,"people_unmet":6,"unmet_pct":1.59,"mean_occupancy":4.89,"median_walk_m":33.5},"geometry":{"type":"Polygon","coordinates":[[[1.447984,51.3787],[1.447044,51.378401],[1.445867,51.378264],[1.445513,51.378869],[1.441314,51.377271],[1.439022,51.377709],[1.436278,51.376677],[1.433918,51.375059],[1.431432,51.376408],[1.431812,51.376589],[1.434013,51.377507],[1.436753,51.379227],[1.436192,51.379602],[1.437588,51.381938],[1.437239,51.382911],[1.436792,51.382939],[1.435033,51.381635],[1.433266,51.382491],[1.433532,51.383102],[1.433106,51.383376],[1.432576,51.383112],[1.432825,51.383532],[1.432492,51.38377],[1.433413,51.383636],[1.435869,51.385298],[1.436059,51.385952],[1.435684,51.386182],[1.436031,51.386559],[1.435433,51.386581],[1.435386,51.386958],[1.435947,51.386833],[1.436649,51.387631],[1.43618,51.387964],[1.43589,51.38771],[1.435519,51.387935],[1.43468,51.387783],[1.435009,51.388704],[1.434171,51.388638],[1.433984,51.389083],[1.434431,51.389438],[1.434746,51.389294],[1.436841,51.388743],[1.436693,51.388568],[1.437376,51.388688],[1.437544,51.388249],[1.441937,51.387167],[1.440993,51.385962],[1.440955,51.384931],[1.442521,51.383785],[1.445058,51.382885],[1.446025,51.380108],[1.447261,51.379039],[1.447445,51.378953],[1.447984,51.3787]]]}},{"type":"Feature","properties":{"area_id":"E00125246","people":309,"households":126,"cars_owned":229,"baseline_cars":121,"cars_activated":62,"cars_saved":59,"people_seated":304,"people_unmet":5,"unmet_pct":1.62,"mean_occupancy":4.97,"median_walk_m":39.4},"geometry":{"type":"Polygon","coordinates":[[[1.432492,51.38377],[1.432156,51.383995],[1.432517,51.384629],[1.431101,51.384319],[1.430522,51.384593],[1.43418,51.3877],[1.43468,51.387783],[1.435519,51.387935],[1.43589,51.38771],[1.43618,51.387964],[1.436649,51.387631],[1.435947,51.386833],[1.435386,51.386958],[1.435433,51.386581],[1.436031,51.386559],[1.435684,51.386182],[1.436059,51.385952],[1.435869,51.385298],[1.433413,51.383636],[1.432492,51.38377]]]}},{"type":"Feature","properties":{"area_id":"E00125258","people":356,"households":127,"cars_owned":146,"baseline_cars":94,"cars_activated":64,"cars_saved":30,"people_seated":344,"people_unmet":12,"unmet_pct":3.37,"mean_occupancy":5.0,"median_walk_m":33.4},"geometry":{"type":"Polygon","coordinates":[[[1.388197,51.383038],[1.38931,51.382681],[1.388959,51.382469],[1.389206,51.382284],[1.390454,51.381896],[1.390207,51.38169],[1.388307,51.382285],[1.387754,51.381432],[1.387193,51.381369],[1.386785,51.381617],[1.387297,51.382548],[1.386996,51.382579],[1.385729,51.382924],[1.385989,51.383097],[1.385663,51.383299],[1.386387,51.38343],[1.388197,51.383038]]]}},{"type":"Feature","properties":{"area_id":"E00125268","people":233,"households":147,"cars_owned":84,"baseline_cars":61,"cars_activated":44,"cars_saved":17,"people_seated":227,"people_unmet":6,"unmet_pct":2.58,"mean_occupancy":4.93,"median_walk_m":41.9},"geometry":{"type":"Polygon","coordinates":[[[1.385457,51.389506],[1.385214,51.389075],[1.386333,51.388922],[1.386392,51.388554],[1.385012,51.387061],[1.384951,51.387309],[1.382564,51.387729],[1.382588,51.387855],[1.38302,51.389038],[1.383395,51.388848],[1.383747,51.389728],[1.385457,51.389506]]]}},{"type":"Feature","properties":{"area_id":"E00125290","people":379,"households":123,"cars_owned":149,"baseline_cars":88,"cars_activated":91,"cars_saved":-3,"people_seated":360,"people_unmet":19,"unmet_pct":5.01,"mean_occupancy":4.98,"median_walk_m":34.2},"geometry":{"type":"Polygon","coordinates":[[[1.395594,51.348462],[1.395025,51.348372],[1.395346,51.347897],[1.394891,51.347905],[1.394952,51.347336],[1.394049,51.347304],[1.394145,51.346707],[1.39299,51.346337],[1.392386,51.346485],[1.391891,51.347433],[1.392291,51.348103],[1.391492,51.348099],[1.39161,51.348372],[1.392126,51.348315],[1.392177,51.34869],[1.392518,51.348693],[1.395509,51.348763],[1.395594,51.348462]]]}},{"type":"Feature","properties":{"area_id":"E00125295","people":426,"households":203,"cars_owned":158,"baseline_cars":120,"cars_activated":95,"cars_saved":25,"people_seated":366,"people_unmet":60,"unmet_pct":14.08,"mean_occupancy":4.96,"median_walk_m":20.1},"geometry":{"type":"Polygon","coordinates":[[[1.391897,51.340542],[1.389793,51.341025],[1.387922,51.342042],[1.391684,51.34194],[1.392095,51.341981],[1.391897,51.340542]]]}},{"type":"Feature","properties":{"area_id":"E00125296","people":357,"households":128,"cars_owned":134,"baseline_cars":87,"cars_activated":47,"cars_saved":40,"people_seated":342,"people_unmet":15,"unmet_pct":4.2,"mean_occupancy":4.98,"median_walk_m":45.6},"geometry":{"type":"Polygon","coordinates":[[[1.394993,51.347328],[1.395006,51.346954],[1.396503,51.346278],[1.395887,51.345662],[1.396125,51.345474],[1.3955,51.345515],[1.394917,51.345158],[1.394724,51.344906],[1.393761,51.345202],[1.393546,51.344958],[1.392488,51.344937],[1.392455,51.345402],[1.392891,51.345306],[1.39299,51.346337],[1.394145,51.346707],[1.394049,51.347304],[1.394952,51.347336],[1.394993,51.347328]]]}},{"type":"Feature","properties":{"area_id":"E00125303","people":255,"households":114,"cars_owned":144,"baseline_cars":99,"cars_activated":93,"cars_saved":6,"people_seated":253,"people_unmet":2,"unmet_pct":0.78,"mean_occupancy":4.95,"median_walk_m":23.2},"geometry":{"type":"Polygon","coordinates":[[[1.404714,51.353676],[1.40427,51.352747],[1.405581,51.351977],[1.405112,51.351616],[1.403957,51.352087],[1.403576,51.351716],[1.404055,51.351203],[1.403546,51.351025],[1.403227,51.351385],[1.402524,51.351577],[1.40211,51.352606],[1.401047,51.353801],[1.402552,51.354009],[1.403001,51.354469],[1.403564,51.35437],[1.403573,51.355124],[1.404247,51.355066],[1.404077,51.354076],[1.404714,51.353676]]]}},{"type":"Feature","properties":{"area_id":"E00125309","people":348,"households":144,"cars_owned":196,"baseline_cars":122,"cars_activated":75,"cars_saved":47,"people_seated":330,"people_unmet":18,"unmet_pct":5.17,"mean_occupancy":5.0,"median_walk_m":33.2},"geometry":{"type":"Polygon","coordinates":[[[1.403478,51.346627],[1.403176,51.346245],[1.402437,51.346264],[1.401612,51.345873],[1.401137,51.34587],[1.400854,51.346715],[1.399621,51.34669],[1.39906,51.345774],[1.398668,51.345825],[1.398941,51.346877],[1.399843,51.348886],[1.401353,51.348229],[1.401707,51.347049],[1.403206,51.346947],[1.403478,51.346627]]]}},{"type":"Feature","properties":{"area_id":"E00125311","people":121,"households":97,"cars_owned":54,"baseline_cars":38,"cars_activated":26,"cars_saved":12,"people_seated":118,"people_unmet":3,"unmet_pct":2.48,"mean_occupancy":4.88,"median_walk_m":23.7},"geometry":{"type":"Polygon","coordinates":[[[1.412913,51.351306],[1.415187,51.350763],[1.416605,51.350739],[1.416182,51.34773],[1.416388,51.345171],[1.414057,51.344313],[1.413837,51.345516],[1.409173,51.345014],[1.408848,51.345696],[1.409742,51.3467],[1.408569,51.346729],[1.408244,51.348144],[1.407751,51.348569],[1.409276,51.349366],[1.410029,51.349445],[1.411252,51.347851],[1.412232,51.349224],[1.411871,51.35017],[1.412582,51.351418],[1.412913,51.351306]]]}},{"type":"Feature","properties":{"area_id":"E00125322","people":340,"households":159,"cars_owned":194,"baseline_cars":130,"cars_activated":65,"cars_saved":65,"people_seated":339,"people_unmet":1,"unmet_pct":0.29,"mean_occupancy":4.86,"median_walk_m":105.9},"geometry":{"type":"Polygon","coordinates":[[[1.39773,51.357502],[1.398214,51.356953],[1.397567,51.356723],[1.399234,51.355121],[1.400274,51.353816],[1.399173,51.353974],[1.399134,51.354396],[1.398466,51.354248],[1.398039,51.353776],[1.398743,51.353461],[1.397755,51.352922],[1.39848,51.352063],[1.396306,51.352387],[1.392969,51.351252],[1.392518,51.348693],[1.392177,51.34869],[1.38668,51.348638],[1.38591,51.348636],[1.383917,51.348263],[1.384207,51.352896],[1.385378,51.352933],[1.386177,51.359728],[1.389815,51.3594],[1.392962,51.360835],[1.394682,51.357844],[1.397254,51.357365],[1.39773,51.357502]]]}},{"type":"Feature","properties":{"area_id":"E00125338","people":285,"households":134,"cars_owned":170,"baseline_cars":112,"cars_activated":40,"cars_saved":72,"people_seated":282,"people_unmet":3,"unmet_pct":1.05,"mean_occupancy":4.93,"median_walk_m":60.3},"geometry":{"type":"Polygon","coordinates":[[[1.427284,51.362825],[1.427507,51.362771],[1.425927,51.361452],[1.42388,51.361745],[1.423161,51.361748],[1.422976,51.36136],[1.421558,51.361487],[1.421541,51.361902],[1.422595,51.361915],[1.42294,51.362562],[1.423432,51.363355],[1.424395,51.363524],[1.424407,51.363964],[1.425231,51.36425],[1.424858,51.364588],[1.425815,51.364436],[1.42567,51.363663],[1.426439,51.363617],[1.426224,51.363121],[1.427284,51.362825]]]}},{"type":"Feature","properties":{"area_id":"E00125342","people":338,"households":123,"cars_owned":191,"baseline_cars":108,"cars_activated":49,"cars_saved":59,"people_seated":323,"people_unmet":15,"unmet_pct":4.44,"mean_occupancy":4.92,"median_walk_m":46.0},"geometry":{"type":"Polygon","coordinates":[[[1.413021,51.359074],[1.412011,51.359214],[1.41114,51.358339],[1.410018,51.35853],[1.409574,51.358891],[1.409944,51.358878],[1.410419,51.359743],[1.409679,51.359972],[1.409331,51.359661],[1.408415,51.35986],[1.408321,51.36042],[1.412252,51.361287],[1.414063,51.36039],[1.413021,51.359074]]]}},{"type":"Feature","properties":{"area_id":"E00125347","people":487,"households":216,"cars_owned":266,"baseline_cars":174,"cars_activated":109,"cars_saved":65,"people_seated":473,"people_unmet":14,"unmet_pct":2.87,"mean_occupancy":4.94,"median_walk_m":59.0},"geometry":{"type":"Polygon","coordinates":[[[1.392092,51.362531],[1.391627,51.362488],[1.388192,51.365263],[1.388822,51.365693],[1.389663,51.364551],[1.390523,51.364517],[1.391699,51.363227],[1.392505,51.363359],[1.392067,51.364531],[1.392486,51.364746],[1.389625,51.366468],[1.389125,51.367222],[1.393166,51.368201],[1.39256,51.369074],[1.396956,51.369992],[1.401073,51.370115],[1.397219,51.36687],[1.394968,51.363986],[1.392092,51.362531]]]}},{"type":"Feature","properties":{"area_id":"E00125350","people":303,"households":123,"cars_owned":140,"baseline_cars":94,"cars_activated":75,"cars_saved":19,"people_seated":299,"people_unmet":4,"unmet_pct":1.32,"mean_occupancy":5.0,"median_walk_m":31.7},"geometry":{"type":"Polygon","coordinates":[[[1.376897,51.380859],[1.378938,51.378756],[1.379917,51.380639],[1.380298,51.380591],[1.38075,51.380164],[1.380308,51.37877],[1.380613,51.37842],[1.381817,51.37851],[1.38203,51.379127],[1.382626,51.379102],[1.38303,51.379432],[1.383296,51.378928],[1.383109,51.378405],[1.382039,51.377889],[1.381041,51.377944],[1.38154,51.377441],[1.380264,51.377306],[1.379276,51.377642],[1.379123,51.377399],[1.376179,51.378444],[1.374075,51.379571],[1.376211,51.381663],[1.376897,51.380859]]]}},{"type":"Feature","properties":{"area_id":"E00125355","people":224,"households":117,"cars_owned":89,"baseline_cars":63,"cars_activated":29,"cars_saved":34,"people_seated":217,"people_unmet":7,"unmet_pct":3.13,"mean_occupancy":5.0,"median_walk_m":62.4},"geometry":{"type":"Polygon","coordinates":[[[1.380412,51.381509],[1.380328,51.38103],[1.382098,51.380994],[1.38211,51.380407],[1.380298,51.380591],[1.379917,51.380639],[1.378938,51.378756],[1.376897,51.380859],[1.378018,51.381249],[1.377843,51.381483],[1.378488,51.381751],[1.378357,51.382233],[1.379805,51.382392],[1.37976,51.381611],[1.380412,51.381509]]]}},{"type":"Feature","properties":{"area_id":"E00125356","people":316,"households":126,"cars_owned":117,"baseline_cars":81,"cars_activated":71,"cars_saved":10,"people_seated":284,"people_unmet":32,"unmet_pct":10.13,"mean_occupancy":5.0,"median_walk_m":26.1},"geometry":{"type":"Polygon","coordinates":[[[1.384899,51.381428],[1.384006,51.381066],[1.384223,51.380805],[1.386265,51.379897],[1.385347,51.379558],[1.384389,51.379888],[1.383844,51.379692],[1.384277,51.379025],[1.383583,51.378913],[1.383738,51.37987],[1.383256,51.379929],[1.383276,51.380288],[1.38211,51.380407],[1.382098,51.380994],[1.383085,51.380964],[1.38331,51.381976],[1.384899,51.381428]]]}},{"type":"Feature","properties":{"area_id":"E00125387","people":434,"households":176,"cars_owned":276,"baseline_cars":155,"cars_activated":75,"cars_saved":80,"people_seated":431,"people_unmet":3,"unmet_pct":0.69,"mean_occupancy":4.96,"median_walk_m":48.2},"geometry":{"type":"Polygon","coordinates":[[[1.313382,51.334229],[1.312682,51.333513],[1.311882,51.333802],[1.311535,51.333444],[1.3121,51.332671],[1.31164,51.331957],[1.310999,51.33192],[1.310908,51.330569],[1.312974,51.32996],[1.313016,51.330473],[1.314245,51.330397],[1.314738,51.331008],[1.315501,51.330902],[1.315787,51.33047],[1.317215,51.330727],[1.317269,51.329732],[1.316825,51.329931],[1.315063,51.329807],[1.315635,51.328588],[1.315029,51.324451],[1.308566,51.325234],[1.300516,51.324764],[1.301405,51.329628],[1.304467,51.331816],[1.308076,51.333146],[1.309076,51.334036],[1.312704,51.334446],[1.313382,51.334229]]]}},{"type":"Feature","properties":{"area_id":"E00125392","people":325,"households":149,"cars_owned":243,"baseline_cars":143,"cars_activated":69,"cars_saved":74,"people_seated":322,"people_unmet":3,"unmet_pct":0.92,"mean_occupancy":4.86,"median_walk_m":39.1},"geometry":{"type":"Polygon","coordinates":[[[1.317865,51.346094],[1.317748,51.34371],[1.317106,51.343566],[1.316134,51.341538],[1.317213,51.341431],[1.317647,51.341922],[1.319399,51.341715],[1.318772,51.339752],[1.316855,51.34002],[1.316673,51.339614],[1.315187,51.339776],[1.314739,51.341007],[1.31299,51.34268],[1.310625,51.343318],[1.310735,51.344194],[1.300526,51.343738],[1.294785,51.343663],[1.295593,51.347364],[1.297651,51.350602],[1.303404,51.349227],[1.311171,51.349116],[1.310593,51.347685],[1.310916,51.347425],[1.313332,51.347087],[1.313915,51.348298],[1.318013,51.347542],[1.317481,51.346104],[1.317865,51.346094]]]}},{"type":"Feature","properties":{"area_id":"E00125397","people":267,"households":120,"cars_owned":202,"baseline_cars":107,"cars_activated":78,"cars_saved":29,"people_seated":262,"people_unmet":5,"unmet_pct":1.87,"mean_occupancy":4.88,"median_walk_m":41.7},"geometry":{"type":"Polygon","coordinates":[[[1.259587,51.354612],[1.25744,51.352065],[1.255548,51.352752],[1.255277,51.352437],[1.254248,51.35309],[1.252526,51.352232],[1.25244,51.353808],[1.250974,51.354173],[1.24985,51.353673],[1.249282,51.351753],[1.251455,51.350985],[1.251798,51.350271],[1.250971,51.348967],[1.248942,51.347881],[1.248193,51.348354],[1.249643,51.34918],[1.248082,51.350188],[1.245855,51.348665],[1.245357,51.348882],[1.24288,51.346747],[1.240693,51.347783],[1.238961,51.34657],[1.240844,51.346079],[1.240932,51.345697],[1.24188,51.345288],[1.241388,51.344733],[1.2394,51.345211],[1.234309,51.345459],[1.233294,51.346359],[1.23147,51.347159],[1.229847,51.346524],[1.228291,51.346501],[1.228679,51.346873],[1.228154,51.347837],[1.227075,51.348702],[1.223812,51.349584],[1.221616,51.349479],[1.220302,51.349916],[1.220508,51.351958],[1.222019,51.353444],[1.224336,51.354325],[1.225023,51.353469],[1.230053,51.355741],[1.232165,51.355143],[1.23092,51.356635],[1.229985,51.356822],[1.228945,51.358173],[1.228449,51.359293],[1.228522,51.360533],[1.235318,51.359801],[1.235752,51.358876],[1.237341,51.358017],[1.23822,51.354152],[1.242114,51.353148],[1.245743,51.354421],[1.246235,51.356589],[1.246633,51.356785],[1.244773,51.358518],[1.244728,51.359104],[1.245628,51.359241],[1.248714,51.35858],[1.248966,51.358294],[1.249747,51.35856],[1.255967,51.358031],[1.255435,51.35721],[1.256169,51.355808],[1.259587,51.354612]]]}},{"type":"Feature","properties":{"area_id":"E00125409","people":186,"households":109,"cars_owned":87,"baseline_cars":59,"cars_activated":41,"cars_saved":18,"people_seated":178,"people_unmet":8,"unmet_pct":4.3,"mean_occupancy":5.0,"median_walk_m":37.2},"geometry":{"type":"Polygon","coordinates":[[[1.442256,51.351257],[1.441684,51.351274],[1.441638,51.351542],[1.440335,51.351669],[1.440174,51.352016],[1.440784,51.352493],[1.44069,51.353064],[1.441659,51.352919],[1.441982,51.353458],[1.441996,51.353735],[1.441312,51.353785],[1.441289,51.354155],[1.440829,51.354206],[1.440947,51.354797],[1.440522,51.354841],[1.441426,51.355089],[1.442795,51.355352],[1.443441,51.354319],[1.442289,51.351938],[1.442256,51.351257]]]}},{"type":"Feature","properties":{"area_id":"E00125428","people":336,"households":122,"cars_owned":200,"baseline_cars":110,"cars_activated":102,"cars_saved":8,"people_seated":334,"people_unmet":2,"unmet_pct":0.6,"mean_occupancy":5.0,"median_walk_m":28.2},"geometry":{"type":"Polygon","coordinates":[[[1.350374,51.383252],[1.350458,51.382628],[1.351085,51.382543],[1.351046,51.381796],[1.346631,51.381646],[1.346465,51.382578],[1.344894,51.382754],[1.345043,51.383064],[1.346703,51.382922],[1.346758,51.38407],[1.347415,51.384138],[1.348105,51.383888],[1.347976,51.38339],[1.348713,51.382984],[1.3496,51.383511],[1.350374,51.383252]]]}},{"type":"Feature","properties":{"area_id":"E00125446","people":293,"households":122,"cars_owned":203,"baseline_cars":110,"cars_activated":70,"cars_saved":40,"people_seated":293,"people_unmet":0,"unmet_pct":0.0,"mean_occupancy":4.91,"median_walk_m":43.8},"geometry":{"type":"Polygon","coordinates":[[[1.332138,51.382567],[1.330649,51.382143],[1.330638,51.381699],[1.328719,51.381391],[1.328856,51.380898],[1.329537,51.380892],[1.329873,51.379254],[1.330805,51.379808],[1.331499,51.379794],[1.331607,51.378587],[1.330026,51.378236],[1.326745,51.378288],[1.327045,51.379488],[1.32791,51.379917],[1.323154,51.37929],[1.322283,51.381357],[1.320053,51.381069],[1.31978,51.382011],[1.324759,51.382375],[1.327987,51.381941],[1.328469,51.38197],[1.328423,51.382227],[1.328867,51.382017],[1.331243,51.382501],[1.332472,51.383047],[1.332755,51.38276],[1.332138,51.382567]]]}},{"type":"Feature","properties":{"area_id":"E00125033","people":259,"households":122,"cars_owned":161,"baseline_cars":105,"cars_activated":79,"cars_saved":26,"people_seated":259,"people_unmet":0,"unmet_pct":0.0,"mean_occupancy":4.95,"median_walk_m":24.7},"geometry":{"type":"Polygon","coordinates":[[[1.308306,51.381293],[1.308377,51.379315],[1.307669,51.379294],[1.307206,51.379723],[1.306952,51.379335],[1.306048,51.379377],[1.305971,51.379795],[1.305597,51.379425],[1.304824,51.379445],[1.304651,51.380285],[1.304012,51.380536],[1.303263,51.380065],[1.302831,51.380498],[1.301933,51.380613],[1.302256,51.381947],[1.30429,51.381565],[1.308306,51.381293]]]}},{"type":"Feature","properties":{"area_id":"E00125044","people":254,"households":134,"cars_owned":169,"baseline_cars":110,"cars_activated":37,"cars_saved":73,"people_seated":254,"people_unmet":0,"unmet_pct":0.0,"mean_occupancy":4.81,"median_walk_m":50.4},"geometry":{"type":"Polygon","coordinates":[[[1.287832,51.378139],[1.287434,51.376863],[1.288024,51.377045],[1.288135,51.377488],[1.290147,51.377476],[1.290315,51.377841],[1.290994,51.377781],[1.290935,51.377463],[1.29261,51.376851],[1.285853,51.376144],[1.285218,51.376334],[1.285443,51.377085],[1.28566,51.377539],[1.286045,51.377352],[1.287104,51.377822],[1.286628,51.378255],[1.287832,51.378139]]]}},{"type":"Feature","properties":{"area_id":"E00125068","people":241,"households":136,"cars_owned":118,"baseline_cars":92,"cars_activated":27,"cars_saved":65,"people_seated":241,"people_unmet":0,"unmet_pct":0.0,"mean_occupancy":4.85,"median_walk_m":50.9},"geometry":{"type":"Polygon","coordinates":[[[1.309122,51.376811],[1.308473,51.376095],[1.307868,51.376111],[1.30829,51.375803],[1.308041,51.375374],[1.306969,51.375717],[1.3052,51.375769],[1.304983,51.375265],[1.303947,51.376175],[1.304469,51.376438],[1.303754,51.376357],[1.303022,51.376882],[1.308493,51.377157],[1.308611,51.376841],[1.309122,51.376811]]]}},{"type":"Feature","properties":{"area_id":"E00125075","people":227,"households":114,"cars_owned":141,"baseline_cars":90,"cars_activated":54,"cars_saved":36,"people_seated":227,"people_unmet":0,"unmet_pct":0.0,"mean_occupancy":4.93,"median_walk_m":38.8},"geometry":{"type":"Polygon","coordinates":[[[1.433886,51.366027],[1.433715,51.365614],[1.433049,51.365666],[1.432527,51.364199],[1.433059,51.363613],[1.433968,51.363319],[1.433447,51.362678],[1.432168,51.362838],[1.432088,51.362938],[1.429921,51.365021],[1.431247,51.366626],[1.433967,51.366557],[1.433886,51.366027]]]}},{"type":"Feature","properties":{"area_id":"E00125076","people":245,"households":113,"cars_owned":153,"baseline_cars":98,"cars_activated":26,"cars_saved":72,"people_seated":245,"people_unmet":0,"unmet_pct":0.0,"mean_occupancy":4.58,"median_walk_m":67.2},"geometry":{"type":"Polygon","coordinates":[[[1.435323,51.362262],[1.433447,51.362678],[1.433968,51.363319],[1.433059,51.363613],[1.432527,51.364199],[1.433049,51.365666],[1.433715,51.365614],[1.433886,51.366027],[1.434289,51.365486],[1.435424,51.365039],[1.434949,51.363986],[1.43588,51.363614],[1.436007,51.363134],[1.435282,51.362847],[1.435323,51.362262]]]}},{"type":"Feature","properties":{"area_id":"E00125124","people":290,"households":125,"cars_owned":205,"baseline_cars":113,"cars_activated":28,"cars_saved":85,"people_seated":290,"people_unmet":0,"unmet_pct":0.0,"mean_occupancy":4.46,"median_walk_m":73.1},"geometry":{"type":"MultiPolygon","coordinates":[[[[1.359109,51.311377],[1.359046,51.311353],[1.359063,51.311366],[1.359109,51.311377]]],[[[1.359257,51.311435],[1.359209,51.311435],[1.360117,51.311829],[1.360211,51.311806],[1.359257,51.311435]]],[[[1.360395,51.311878],[1.360295,51.311878],[1.360485,51.311913],[1.360395,51.311878]]],[[[1.36865,51.315517],[1.371354,51.313909],[1.371355,51.313908],[1.371253,51.313878],[1.36546,51.313092],[1.36549,51.313135],[1.365909,51.313969],[1.3669,51.313642],[1.366729,51.313381],[1.367127,51.313577],[1.365889,51.31408],[1.366369,51.314229],[1.366964,51.313783],[1.366763,51.314188],[1.365857,51.314531],[1.366394,51.314834],[1.367178,51.314586],[1.366396,51.314862],[1.365951,51.314692],[1.365562,51.315869],[1.365778,51.316436],[1.367074,51.317113],[1.367753,51.317018],[1.36865,51.315517]]],[[[1.35966,51.330773],[1.359544,51.330159],[1.36016,51.330361],[1.361008,51.329414],[1.361114,51.328771],[1.360603,51.328015],[1.36225,51.327724],[1.36442,51.328346],[1.36416,51.3286],[1.364624,51.329086],[1.363924,51.329031],[1.363972,51.329356],[1.364466,51.329331],[1.364705,51.330517],[1.365837,51.330426],[1.365496,51.329516],[1.366011,51.329482],[1.365889,51.328833],[1.366517,51.328844],[1.366609,51.328546],[1.366272,51.32799],[1.36666,51.326752],[1.366106,51.32642],[1.36612,51.325868],[1.370922,51.328316],[1.374207,51.329918],[1.375478,51.328485],[1.373862,51.32734],[1.374176,51.327195],[1.374061,51.326481],[1.371996,51.325792],[1.370995,51.325978],[1.370323,51.32535],[1.369775,51.325409],[1.367469,51.324419],[1.367031,51.323691],[1.364276,51.321983],[1.362845,51.320046],[1.362895,51.318473],[1.36319,51.317772],[1.364584,51.317715],[1.36316,51.317367],[1.364164,51.317511],[1.362729,51.316384],[1.364364,51.317555],[1.365436,51.317357],[1.364103,51.316968],[1.362989,51.315845],[1.36287,51.31549],[1.36298,51.315256],[1.363254,51.315501],[1.363156,51.31506],[1.363322,51.315415],[1.363544,51.314397],[1.363859,51.315098],[1.363602,51.314782],[1.363414,51.315374],[1.363141,51.315822],[1.363949,51.316516],[1.364036,51.316796],[1.365077,51.317166],[1.364474,51.316873],[1.365006,51.316993],[1.364084,51.315108],[1.364526,51.315627],[1.36438,51.31382],[1.363578,51.313102],[1.363333,51.314018],[1.36344,51.313003],[1.362155,51.312873],[1.363105,51.313495],[1.362494,51.313441],[1.361577,51.313988],[1.360426,51.31584],[1.360276,51.315962],[1.359919,51.315608],[1.360336,51.315882],[1.360593,51.314892],[1.360866,51.315013],[1.361456,51.314003],[1.360401,51.314487],[1.359837,51.314661],[1.359385,51.31467],[1.358935,51.314812],[1.358874,51.31486],[1.358457,51.314831],[1.359255,51.31468],[1.360583,51.314283],[1.362497,51.313314],[1.361834,51.312996],[1.361608,51.313075],[1.361662,51.313207],[1.361608,51.313265],[1.360711,51.313572],[1.360536,51.313403],[1.361576,51.313154],[1.360362,51.312744],[1.35962,51.313253],[1.358781,51.313361],[1.35848,51.31424],[1.358236,51.314372],[1.358417,51.314113],[1.358039,51.314076],[1.357826,51.314576],[1.357567,51.314231],[1.358429,51.313869],[1.35835,51.313811],[1.357922,51.313892],[1.357455,51.313663],[1.358225,51.313777],[1.358457,51.313641],[1.357686,51.313107],[1.358506,51.313537],[1.359283,51.312942],[1.359639,51.313068],[1.360105,51.312796],[1.358947,51.312227],[1.35781,51.31292],[1.357394,51.312843],[1.357938,51.312758],[1.357745,51.31196],[1.358124,51.312494],[1.358787,51.312215],[1.357889,51.31149],[1.357885,51.311487],[1.351697,51.313012],[1.352738,51.315599],[1.355964,51.31908],[1.356975,51.321154],[1.359664,51.324664],[1.359591,51.32808],[1.35907,51.3283],[1.35966,51.330773]]]]}},{"type":"Feature","properties":{"area_id":"E00125240","people":282,"households":107,"cars_owned":157,"baseline_cars":94,"cars_activated":62,"cars_saved":32,"people_seated":282,"people_unmet":0,"unmet_pct":0.0,"mean_occupancy":4.92,"median_walk_m":48.5},"geometry":{"type":"Polygon","coordinates":[[[1.362811,51.379058],[1.362387,51.378924],[1.362131,51.379242],[1.361669,51.380676],[1.362026,51.381085],[1.361302,51.381645],[1.363284,51.382368],[1.364284,51.381913],[1.364826,51.380832],[1.364051,51.380554],[1.364941,51.379843],[1.362827,51.379378],[1.362811,51.379058]]]}},{"type":"Feature","properties":{"area_id":"E00125327","people":271,"households":116,"cars_owned":160,"baseline_cars":106,"cars_activated":43,"cars_saved":63,"people_seated":271,"people_unmet":0,"unmet_pct":0.0,"mean_occupancy":4.74,"median_walk_m":51.9},"geometry":{"type":"Polygon","coordinates":[[[1.40587,51.357857],[1.406094,51.357462],[1.405168,51.356379],[1.406889,51.355899],[1.406085,51.355038],[1.403049,51.355625],[1.402971,51.356322],[1.399725,51.356623],[1.39867,51.35736],[1.403443,51.358636],[1.40407,51.358656],[1.40587,51.357857]]]}},{"type":"Feature","properties":{"area_id":"E00125403","people":302,"households":123,"cars_owned":202,"baseline_cars":116,"cars_activated":77,"cars_saved":39,"people_seated":302,"people_unmet":0,"unmet_pct":0.0,"mean_occupancy":4.81,"median_walk_m":36.5},"geometry":{"type":"Polygon","coordinates":[[[1.426826,51.351109],[1.427094,51.349681],[1.426775,51.349468],[1.426054,51.349598],[1.425709,51.348192],[1.422916,51.3476],[1.421222,51.34809],[1.421368,51.349725],[1.421396,51.349786],[1.422377,51.349825],[1.423032,51.351173],[1.423192,51.350904],[1.423993,51.351383],[1.424878,51.351118],[1.424932,51.351358],[1.42583,51.351352],[1.426181,51.351623],[1.426826,51.351109]]]}},{"type":"Feature","properties":{"area_id":"E00166922","people":195,"households":99,"cars_owned":137,"baseline_cars":92,"cars_activated":44,"cars_saved":48,"people_seated":195,"people_unmet":0,"unmet_pct":0.0,"mean_occupancy":4.95,"median_walk_m":49.6},"geometry":{"type":"Polygon","coordinates":[[[1.341348,51.353409],[1.340826,51.353582],[1.330579,51.359353],[1.325441,51.362744],[1.324031,51.362192],[1.323536,51.362259],[1.324025,51.36281],[1.323339,51.363026],[1.327607,51.36502],[1.332509,51.36661],[1.334149,51.367504],[1.334159,51.367508],[1.338607,51.3662],[1.33774,51.361315],[1.336649,51.360667],[1.340595,51.358261],[1.341111,51.357851],[1.34089,51.357569],[1.341857,51.356969],[1.341348,51.353409]]]}},{"type":"Feature","properties":{"area_id":"E00125067","people":313,"households":156,"cars_owned":174,"baseline_cars":120,"cars_activated":34,"cars_saved":86,"people_seated":313,"people_unmet":0,"unmet_pct":0.0,"mean_occupancy":4.76,"median_walk_m":65.1},"geometry":{"type":"Polygon","coordinates":[[[1.316845,51.377475],[1.315744,51.3772],[1.315992,51.37691],[1.315375,51.376283],[1.316536,51.375732],[1.316291,51.374835],[1.315559,51.375358],[1.31265,51.375792],[1.311267,51.375887],[1.3114,51.377053],[1.312057,51.377099],[1.312015,51.377513],[1.312749,51.377145],[1.312686,51.376472],[1.313538,51.376347],[1.313515,51.378167],[1.31674,51.378443],[1.316781,51.377962],[1.317227,51.377888],[1.316803,51.377802],[1.316845,51.377475]]]}},{"type":"Feature","properties":{"area_id":"E00125141","people":332,"households":132,"cars_owned":211,"baseline_cars":119,"cars_activated":57,"cars_saved":62,"people_seated":332,"people_unmet":0,"unmet_pct":0.0,"mean_occupancy":4.89,"median_walk_m":53.5},"geometry":{"type":"Polygon","coordinates":[[[1.417532,51.388625],[1.416629,51.386939],[1.414899,51.387026],[1.414279,51.385685],[1.412852,51.38581],[1.412181,51.385458],[1.410418,51.385707],[1.411741,51.388179],[1.412051,51.38877],[1.412966,51.388827],[1.413056,51.388231],[1.413564,51.388412],[1.414849,51.388207],[1.414559,51.387669],[1.415058,51.387608],[1.417532,51.388625]]]}},{"type":"Feature","properties":{"area_id":"E00125275","people":321,"households":128,"cars_owned":189,"baseline_cars":106,"cars_activated":64,"cars_saved":42,"people_seated":321,"people_unmet":0,"unmet_pct":0.0,"mean_occupancy":4.94,"median_walk_m":39.5},"geometry":{"type":"Polygon","coordinates":[[[1.400824,51.335355],[1.401315,51.335105],[1.400867,51.333708],[1.401399,51.333192],[1.400782,51.332997],[1.3998,51.333279],[1.399582,51.332716],[1.39872,51.332215],[1.398324,51.332266],[1.398438,51.333094],[1.397748,51.333126],[1.397601,51.332683],[1.397002,51.333033],[1.396735,51.332854],[1.396397,51.333381],[1.399039,51.33445],[1.399,51.335244],[1.40047,51.335441],[1.400824,51.335355]]]}},{"type":"Feature","properties":{"area_id":"E00125388","people":225,"households":116,"cars_owned":141,"baseline_cars":91,"cars_activated":31,"cars_saved":60,"people_seated":225,"people_unmet":0,"unmet_pct":0.0,"mean_occupancy":4.68,"median_walk_m":77.7},"geometry":{"type":"Polygon","coordinates":[[[1.328124,51.331165],[1.332078,51.328286],[1.332908,51.32461],[1.32908,51.320406],[1.319556,51.323346],[1.315029,51.324451],[1.315635,51.328588],[1.315063,51.329807],[1.316825,51.329931],[1.317269,51.329732],[1.317215,51.330727],[1.318276,51.330733],[1.318752,51.331565],[1.320849,51.331973],[1.321115,51.331611],[1.323927,51.331949],[1.328124,51.331165]]]}},{"type":"Feature","properties":{"area_id":"E00125419","people":267,"households":137,"cars_owned":193,"baseline_cars":119,"cars_activated":26,"cars_saved":93,"people_seated":267,"people_unmet":0,"unmet_pct":0.0,"mean_occupancy":4.77,"median_walk_m":81.6},"geometry":{"type":"Polygon","coordinates":[[[1.43633,51.342693],[1.433421,51.344244],[1.432833,51.344458],[1.434662,51.345284],[1.43595,51.346464],[1.435333,51.346688],[1.435423,51.347026],[1.434305,51.346863],[1.434197,51.34742],[1.435467,51.347314],[1.436163,51.347917],[1.434705,51.348035],[1.434429,51.347756],[1.432514,51.348536],[1.432876,51.349655],[1.433658,51.3496],[1.433503,51.348946],[1.434898,51.349073],[1.438078,51.348391],[1.437577,51.348932],[1.439463,51.348985],[1.440903,51.349608],[1.441684,51.351274],[1.442256,51.351257],[1.4422,51.350129],[1.441051,51.348815],[1.439639,51.348562],[1.43892,51.346309],[1.437396,51.344726],[1.436347,51.342714],[1.43633,51.342693]]]}},{"type":"Feature","properties":{"area_id":"E00125034","people":311,"households":130,"cars_owned":184,"baseline_cars":106,"cars_activated":82,"cars_saved":24,"people_seated":311,"people_unmet":0,"unmet_pct":0.0,"mean_occupancy":4.95,"median_walk_m":28.4},"geometry":{"type":"Polygon","coordinates":[[[1.313515,51.378167],[1.305582,51.377752],[1.305878,51.378798],[1.307643,51.37874],[1.308377,51.379315],[1.308306,51.381293],[1.308667,51.381268],[1.310421,51.381426],[1.310328,51.380509],[1.310924,51.38053],[1.310963,51.380174],[1.310048,51.379884],[1.309356,51.380219],[1.308752,51.37988],[1.309495,51.379147],[1.31049,51.378864],[1.313138,51.379092],[1.313515,51.378167]]]}},{"type":"Feature","properties":{"area_id":"E00125117","people":294,"households":144,"cars_owned":190,"baseline_cars":114,"cars_activated":74,"cars_saved":40,"people_seated":294,"people_unmet":0,"unmet_pct":0.0,"mean_occupancy":4.91,"median_walk_m":30.9},"geometry":{"type":"Polygon","coordinates":[[[1.397581,51.329645],[1.398023,51.328788],[1.398701,51.328905],[1.39903,51.328552],[1.398319,51.328559],[1.398276,51.328159],[1.398884,51.327824],[1.399692,51.32785],[1.399701,51.32817],[1.401956,51.328191],[1.402092,51.327494],[1.404419,51.327689],[1.40488,51.328229],[1.406232,51.328269],[1.406399,51.327923],[1.409237,51.328462],[1.409753,51.327818],[1.409564,51.327174],[1.409206,51.32713],[1.409272,51.326896],[1.407483,51.326722],[1.407514,51.326565],[1.406195,51.326507],[1.40621,51.326404],[1.404961,51.326285],[1.40504,51.325898],[1.404707,51.326352],[1.399303,51.326061],[1.39802,51.326191],[1.39807,51.326798],[1.395953,51.327273],[1.395503,51.327867],[1.396161,51.328266],[1.395883,51.328607],[1.393845,51.32878],[1.394198,51.329783],[1.395771,51.329139],[1.396203,51.330022],[1.396595,51.330294],[1.397581,51.329645]]]}},{"type":"Feature","properties":{"area_id":"E00125123","people":235,"households":122,"cars_owned":150,"baseline_cars":100,"cars_activated":27,"cars_saved":73,"people_seated":235,"people_unmet":0,"unmet_pct":0.0,"mean_occupancy":4.67,"median_walk_m":74.4},"geometry":{"type":"Polygon","coordinates":[[[1.38735,51.33541],[1.389596,51.334421],[1.389006,51.329777],[1.389523,51.328809],[1.390687,51.328046],[1.390734,51.328786],[1.391192,51.328692],[1.391569,51.329017],[1.392708,51.328804],[1.392208,51.327682],[1.393563,51.327522],[1.394649,51.32783],[1.39448,51.328113],[1.393591,51.327974],[1.393845,51.32878],[1.395883,51.328607],[1.396161,51.328266],[1.395503,51.327867],[1.395953,51.327273],[1.39807,51.326798],[1.39802,51.326191],[1.393684,51.326632],[1.392515,51.326525],[1.391021,51.32706],[1.388026,51.327118],[1.382349,51.329009],[1.381255,51.328824],[1.377755,51.32926],[1.374241,51.327597],[1.374176,51.327195],[1.373862,51.32734],[1.375478,51.328485],[1.374207,51.329918],[1.377744,51.331668],[1.379498,51.33267],[1.379902,51.333279],[1.379952,51.334545],[1.379295,51.335959],[1.379588,51.336176],[1.380412,51.336217],[1.383576,51.336136],[1.38735,51.33541]]]}},{"type":"Feature","properties":{"area_id":"E00125149","people":253,"households":123,"cars_owned":172,"baseline_cars":106,"cars_activated":45,"cars_saved":61,"people_seated":253,"people_unmet":0,"unmet_pct":0.0,"mean_occupancy":4.87,"median_walk_m":71.5},"geometry":{"type":"Polygon","coordinates":[[[1.418865,51.385055],[1.418611,51.384426],[1.421961,51.383571],[1.423538,51.38295],[1.422921,51.382738],[1.423319,51.381809],[1.422824,51.380404],[1.419642,51.38035],[1.418094,51.379824],[1.41587,51.3802],[1.41392,51.381291],[1.410156,51.382112],[1.410113,51.382121],[1.410472,51.382658],[1.411008,51.383059],[1.4127,51.382558],[1.413142,51.38272],[1.414093,51.381901],[1.415294,51.381659],[1.416018,51.381866],[1.416222,51.382264],[1.415446,51.382462],[1.415877,51.383235],[1.414583,51.383672],[1.41472,51.38417],[1.415985,51.384776],[1.416469,51.384286],[1.417399,51.384667],[1.417909,51.384571],[1.418412,51.385437],[1.418865,51.385055]]]}},{"type":"Feature","properties":{"area_id":"E00125352","people":364,"households":151,"cars_owned":179,"baseline_cars":119,"cars_activated":77,"cars_saved":42,"people_seated":364,"people_unmet":0,"unmet_pct":0.0,"mean_occupancy":4.96,"median_walk_m":35.6},"geometry":{"type":"Polygon","coordinates":[[[1.388197,51.373774],[1.390036,51.371349],[1.389615,51.371116],[1.388706,51.371781],[1.388259,51.371535],[1.388232,51.371759],[1.387068,51.371631],[1.384753,51.373571],[1.385064,51.37386],[1.385123,51.374165],[1.385706,51.374172],[1.385808,51.375621],[1.386257,51.375537],[1.387321,51.373682],[1.388197,51.373774]]]}},{"type":"Feature","properties":{"area_id":"E00125395","people":363,"households":143,"cars_owned":247,"baseline_cars":135,"cars_activated":89,"cars_saved":46,"people_seated":363,"people_unmet":0,"unmet_pct":0.0,"mean_occupancy":4.93,"median_walk_m":31.1},"geometry":{"type":"Polygon","coordinates":[[[1.281165,51.34367],[1.281469,51.343293],[1.287196,51.343471],[1.285743,51.34073],[1.28328,51.337587],[1.282678,51.337945],[1.281253,51.337441],[1.280995,51.337865],[1.280463,51.337101],[1.278637,51.337661],[1.278461,51.338261],[1.277421,51.336658],[1.276089,51.336932],[1.276094,51.337343],[1.274585,51.33701],[1.275008,51.337938],[1.273583,51.339738],[1.27258,51.33989],[1.273949,51.34147],[1.277247,51.3407],[1.276844,51.340193],[1.278856,51.340162],[1.279062,51.33975],[1.279882,51.339647],[1.280865,51.342887],[1.280573,51.343624],[1.281165,51.34367]]]}},{"type":"Feature","properties":{"area_id":"E00125441","people":386,"households":168,"cars_owned":186,"baseline_cars":124,"cars_activated":75,"cars_saved":49,"people_seated":369,"people_unmet":17,"unmet_pct":4.4,"mean_occupancy":5.0,"median_walk_m":36.0},"geometry":{"type":"Polygon","coordinates":[[[1.345109,51.383989],[1.345043,51.383064],[1.344894,51.382754],[1.344718,51.381586],[1.342771,51.381518],[1.34269,51.381069],[1.34191,51.381053],[1.341751,51.381487],[1.340619,51.381627],[1.340494,51.381865],[1.341156,51.38198],[1.341015,51.382889],[1.341739,51.38293],[1.341709,51.383378],[1.342104,51.383366],[1.342569,51.384394],[1.343136,51.383262],[1.3445,51.383147],[1.344646,51.383841],[1.345109,51.383989]]]}},{"type":"Feature","properties":{"area_id":"E00125458","people":369,"households":210,"cars_owned":180,"baseline_cars":137,"cars_activated":41,"cars_saved":96,"people_seated":349,"people_unmet":20,"unmet_pct":5.42,"mean_occupancy":4.85,"median_walk_m":47.4},"geometry":{"type":"Polygon","coordinates":[[[1.339711,51.382642],[1.339126,51.38248],[1.339775,51.382464],[1.339879,51.382172],[1.338885,51.382027],[1.338935,51.381786],[1.340494,51.381865],[1.340619,51.381627],[1.341751,51.381487],[1.34191,51.381053],[1.34269,51.381069],[1.342716,51.380439],[1.340475,51.379958],[1.340919,51.380747],[1.340443,51.380986],[1.337518,51.380935],[1.337449,51.382486],[1.337951,51.382489],[1.337817,51.38287],[1.338528,51.382966],[1.338605,51.382729],[1.339711,51.382642]]]}},{"type":"Feature","properties":{"area_id":"E00166931","people":110,"households":50,"cars_owned":51,"baseline_cars":37,"cars_activated":14,"cars_saved":23,"people_seated":105,"people_unmet":5,"unmet_pct":4.55,"mean_occupancy":4.79,"median_walk_m":58.2},"geometry":{"type":"Polygon","coordinates":[[[1.402907,51.371364],[1.401073,51.370115],[1.396956,51.369992],[1.39256,51.369074],[1.391681,51.370276],[1.390036,51.371349],[1.388197,51.373774],[1.387706,51.374581],[1.388339,51.374545],[1.389175,51.375553],[1.391058,51.374105],[1.393393,51.374416],[1.392361,51.376229],[1.393384,51.376838],[1.393,51.377029],[1.393254,51.377227],[1.39391,51.377113],[1.394848,51.376809],[1.394142,51.376408],[1.395721,51.374378],[1.396745,51.373646],[1.399295,51.372367],[1.402907,51.371364]]]}},{"type":"Feature","properties":{"area_id":"E00190195","people":290,"households":120,"cars_owned":99,"baseline_cars":72,"cars_activated":36,"cars_saved":36,"people_seated":275,"people_unmet":15,"unmet_pct":5.17,"mean_occupancy":4.89,"median_walk_m":40.8},"geometry":{"type":"Polygon","coordinates":[[[1.387617,51.38989],[1.386392,51.388554],[1.386333,51.388922],[1.385214,51.389075],[1.385457,51.389506],[1.38615,51.38967],[1.386023,51.389961],[1.386776,51.389955],[1.387075,51.390786],[1.388496,51.39096],[1.388406,51.38995],[1.387617,51.38989]]]}},{"type":"Feature","properties":{"area_id":"E00190196","people":273,"households":134,"cars_owned":71,"baseline_cars":60,"cars_activated":28,"cars_saved":32,"people_seated":267,"people_unmet":6,"unmet_pct":2.2,"mean_occupancy":4.93,"median_walk_m":60.3},"geometry":{"type":"Polygon","coordinates":[[[1.388613,51.391825],[1.388496,51.39096],[1.387075,51.390786],[1.386776,51.389955],[1.386023,51.389961],[1.384483,51.390314],[1.385371,51.391407],[1.387333,51.391361],[1.387252,51.391642],[1.388156,51.391804],[1.388163,51.392059],[1.387509,51.39205],[1.386772,51.392511],[1.386648,51.392713],[1.38869,51.39282],[1.388706,51.39282],[1.388613,51.391825]]]}},{"type":"Feature","properties":{"area_id":"E00125028","people":374,"households":135,"cars_owned":196,"baseline_cars":119,"cars_activated":61,"cars_saved":58,"people_seated":350,"people_unmet":24,"unmet_pct":6.42,"mean_occupancy":4.98,"median_walk_m":39.6},"geometry":{"type":"Polygon","coordinates":[[[1.425931,51.370167],[1.425752,51.369776],[1.425129,51.368948],[1.424309,51.368634],[1.423833,51.369033],[1.422985,51.368266],[1.420482,51.369131],[1.421572,51.370229],[1.423389,51.369603],[1.42467,51.369939],[1.424955,51.370555],[1.425931,51.370167]]]}},{"type":"Feature","properties":{"area_id":"E00125038","people":289,"households":136,"cars_owned":207,"baseline_cars":120,"cars_activated":36,"cars_saved":84,"people_seated":286,"people_unmet":3,"unmet_pct":1.04,"mean_occupancy":4.78,"median_walk_m":69.1},"geometry":{"type":"Polygon","coordinates":[[[1.292231,51.381398],[1.294586,51.380674],[1.293939,51.380049],[1.293032,51.380309],[1.292071,51.379065],[1.290512,51.379711],[1.290045,51.379527],[1.290025,51.378832],[1.289193,51.37886],[1.288046,51.38005],[1.289299,51.38022],[1.289065,51.380472],[1.289505,51.380662],[1.289264,51.380882],[1.288926,51.380479],[1.288093,51.38126],[1.288335,51.381378],[1.28915,51.381723],[1.289128,51.382013],[1.289678,51.381838],[1.290383,51.382091],[1.292231,51.381398]]]}},{"type":"Feature","properties":{"area_id":"E00125063","people":288,"households":134,"cars_owned":174,"baseline_cars":117,"cars_activated":28,"cars_saved":89,"people_seated":286,"people_unmet":2,"unmet_pct":0.69,"mean_occupancy":4.82,"median_walk_m":69.8},"geometry":{"type":"Polygon","coordinates":[[[1.300703,51.368714],[1.302155,51.368095],[1.302516,51.367361],[1.303545,51.367867],[1.304659,51.36782],[1.307275,51.366794],[1.307918,51.367501],[1.309045,51.367688],[1.31015,51.367401],[1.309394,51.364095],[1.311786,51.36158],[1.302362,51.362546],[1.302896,51.364027],[1.302802,51.36558],[1.302519,51.366117],[1.29949,51.368177],[1.300131,51.368875],[1.300703,51.368714]]]}},{"type":"Feature","properties":{"area_id":"E00125069","people":240,"households":115,"cars_owned":155,"baseline_cars":97,"cars_activated":85,"cars_saved":12,"people_seated":231,"people_unmet":9,"unmet_pct":3.75,"mean_occupancy":4.96,"median_walk_m":21.0},"geometry":{"type":"Polygon","coordinates":[[[1.4395,51.365396],[1.43946,51.365188],[1.441652,51.364815],[1.441085,51.363191],[1.441914,51.362981],[1.442652,51.362977],[1.442442,51.362278],[1.441481,51.36192],[1.440524,51.362706],[1.440022,51.362518],[1.438699,51.363745],[1.439395,51.3639],[1.438565,51.364332],[1.43899,51.365442],[1.4395,51.365396]]]}},{"type":"Feature","properties":{"area_id":"E00125071","people":221,"households":120,"cars_owned":134,"baseline_cars":100,"cars_activated":59,"cars_saved":41,"people_seated":215,"people_unmet":6,"unmet_pct":2.71,"mean_occupancy":5.0,"median_walk_m":31.1},"geometry":{"type":"Polygon","coordinates":[[[1.443108,51.368594],[1.442278,51.368757],[1.442057,51.368084],[1.441445,51.368132],[1.440876,51.368167],[1.440413,51.366624],[1.43989,51.366691],[1.439343,51.367292],[1.440104,51.36745],[1.44022,51.367818],[1.438058,51.368268],[1.438824,51.368576],[1.43869,51.369156],[1.437035,51.369242],[1.437296,51.369602],[1.43938,51.369342],[1.439567,51.369671],[1.440037,51.36964],[1.440092,51.370798],[1.440866,51.370961],[1.443704,51.370401],[1.443108,51.368594]]]}},{"type":"Feature","properties":{"area_id":"E00125080","people":217,"households":114,"cars_owned":103,"baseline_cars":70,"cars_activated":35,"cars_saved":35,"people_seated":214,"people_unmet":3,"unmet_pct":1.38,"mean_occupancy":5.0,"median_walk_m":51.6},"geometry":{"type":"Polygon","coordinates":[[[1.444458,51.36075],[1.444881,51.360273],[1.445657,51.360307],[1.445904,51.358443],[1.445905,51.358404],[1.445901,51.358403],[1.445014,51.358254],[1.445331,51.358702],[1.444589,51.358795],[1.443427,51.358122],[1.443419,51.358077],[1.441882,51.358447],[1.441609,51.358484],[1.441862,51.358714],[1.439826,51.359343],[1.440408,51.359773],[1.441283,51.359722],[1.440968,51.360002],[1.444001,51.35909],[1.443173,51.359585],[1.443974,51.360067],[1.443656,51.360292],[1.444113,51.360806],[1.444458,51.36075]]]}},{"type":"Feature","properties":{"area_id":"E00125085","people":301,"households":177,"cars_owned":109,"baseline_cars":85,"cars_activated":76,"cars_saved":9,"people_seated":270,"people_unmet":31,"unmet_pct":10.3,"mean_occupancy":5.0,"median_walk_m":32.4},"geometry":{"type":"Polygon","coordinates":[[[1.411585,51.338045],[1.411688,51.337592],[1.41218,51.337913],[1.412715,51.337634],[1.41304,51.337111],[1.414614,51.336587],[1.414214,51.336302],[1.41381,51.336539],[1.412849,51.336375],[1.411252,51.336504],[1.41067,51.336141],[1.409891,51.336239],[1.409287,51.336783],[1.409953,51.337271],[1.410731,51.33784],[1.409788,51.338178],[1.410612,51.338347],[1.410461,51.338117],[1.411585,51.338045]]]}},{"type":"Feature","properties":{"area_id":"E00125086","people":299,"households":163,"cars_owned":160,"baseline_cars":116,"cars_activated":103,"cars_saved":13,"people_seated":280,"people_unmet":19,"unmet_pct":6.35,"mean_occupancy":5.0,"median_walk_m":22.6},"geometry":{"type":"Polygon","coordinates":[[[1.407981,51.331258],[1.40831,51.330415],[1.40988,51.330884],[1.410312,51.330717],[1.41076,51.330464],[1.412082,51.329449],[1.41137,51.32911],[1.411019,51.32936],[1.4101,51.329178],[1.410273,51.328694],[1.409237,51.328462],[1.407203,51.331347],[1.407981,51.331258]]]}},{"type":"Feature","properties":{"area_id":"E00125091","people":334,"households":140,"cars_owned":158,"baseline_cars":108,"cars_activated":69,"cars_saved":39,"people_seated":311,"people_unmet":23,"unmet_pct":6.89,"mean_occupancy":4.99,"median_walk_m":32.5},"geometry":{"type":"Polygon","coordinates":[[[1.413513,51.33999],[1.413831,51.33972],[1.414181,51.339255],[1.414566,51.338688],[1.414267,51.338353],[1.413485,51.338394],[1.411323,51.338439],[1.411126,51.338722],[1.412077,51.338948],[1.411939,51.339491],[1.410625,51.33987],[1.410891,51.340079],[1.410876,51.3405],[1.411332,51.340463],[1.412062,51.340999],[1.413513,51.33999]]]}},{"type":"Feature","properties":{"area_id":"E00125111","people":384,"households":217,"cars_owned":207,"baseline_cars":148,"cars_activated":68,"cars_saved":80,"people_seated":378,"people_unmet":6,"unmet_pct":1.56,"mean_occupancy":4.96,"median_walk_m":61.0},"geometry":{"type":"Polygon","coordinates":[[[1.422296,51.332069],[1.423235,51.331833],[1.424875,51.329924],[1.424876,51.329924],[1.424884,51.329914],[1.425064,51.329474],[1.424912,51.329058],[1.424495,51.32872],[1.423429,51.328257],[1.422751,51.327442],[1.424691,51.326007],[1.422497,51.327406],[1.423033,51.32822],[1.424149,51.32867],[1.424673,51.329131],[1.424929,51.329497],[1.423591,51.331277],[1.42259,51.331409],[1.421666,51.331176],[1.42232,51.330775],[1.42103,51.331],[1.419902,51.329966],[1.419413,51.330149],[1.419104,51.329794],[1.420138,51.329037],[1.419899,51.328902],[1.418831,51.329639],[1.418068,51.329093],[1.419426,51.327662],[1.419664,51.327666],[1.421702,51.327698],[1.420015,51.327424],[1.419387,51.32759],[1.418931,51.327918],[1.418378,51.32855],[1.415351,51.327501],[1.41457,51.327492],[1.414193,51.326416],[1.415942,51.326016],[1.414072,51.326013],[1.414245,51.325159],[1.415539,51.32386],[1.422206,51.323767],[1.423554,51.324339],[1.422207,51.323721],[1.415532,51.323816],[1.411386,51.323926],[1.409647,51.326255],[1.409429,51.326586],[1.409412,51.326624],[1.409277,51.326896],[1.409272,51.326896],[1.409206,51.32713],[1.409564,51.327174],[1.409753,51.327818],[1.409237,51.328462],[1.410273,51.328694],[1.4101,51.329178],[1.411019,51.32936],[1.41137,51.32911],[1.412082,51.329449],[1.41076,51.330464],[1.411776,51.330636],[1.412585,51.329584],[1.413199,51.329487],[1.414336,51.329232],[1.415941,51.329579],[1.417022,51.330498],[1.417513,51.330837],[1.41712,51.331289],[1.417828,51.331411],[1.41747,51.331564],[1.418253,51.331433],[1.419802,51.332065],[1.419834,51.332067],[1.420872,51.332358],[1.422296,51.332069]]]}},{"type":"Feature","properties":{"area_id":"E00125132","people":273,"households":128,"cars_owned":187,"baseline_cars":113,"cars_activated":62,"cars_saved":51,"people_seated":266,"people_unmet":7,"unmet_pct":2.56,"mean_occupancy":4.95,"median_walk_m":41.4},"geometry":{"type":"Polygon","coordinates":[[[1.413254,51.390823],[1.413722,51.390227],[1.412966,51.388827],[1.412051,51.38877],[1.411741,51.388179],[1.410999,51.388052],[1.409953,51.38624],[1.40915,51.386258],[1.410433,51.388285],[1.409717,51.388266],[1.409823,51.388759],[1.408751,51.38892],[1.409534,51.390316],[1.410105,51.390293],[1.410519,51.391119],[1.413254,51.390823]]]}},{"type":"Feature","properties":{"area_id":"E00125137","people":263,"households":120,"cars_owned":160,"baseline_cars":101,"cars_activated":67,"cars_saved":34,"people_seated":256,"people_unmet":7,"unmet_pct":2.66,"mean_occupancy":4.94,"median_walk_m":44.6},"geometry":{"type":"Polygon","coordinates":[[[1.428874,51.3889],[1.430413,51.388495],[1.430279,51.387775],[1.43081,51.387144],[1.430489,51.386918],[1.428912,51.387029],[1.428467,51.386437],[1.427958,51.386515],[1.427797,51.386951],[1.427425,51.387243],[1.427674,51.387547],[1.428157,51.387416],[1.428569,51.38805],[1.427675,51.388298],[1.427264,51.387945],[1.426267,51.38827],[1.426616,51.388922],[1.427304,51.389311],[1.428874,51.3889]]]}},{"type":"Feature","properties":{"area_id":"E00125152","people":301,"households":134,"cars_owned":138,"baseline_cars":94,"cars_activated":76,"cars_saved":18,"people_seated":253,"people_unmet":48,"unmet_pct":15.95,"mean_occupancy":5.0,"median_walk_m":19.1},"geometry":{"type":"Polygon","coordinates":[[[1.395948,51.386947],[1.394059,51.386096],[1.391597,51.387074],[1.393635,51.388609],[1.393315,51.388114],[1.394862,51.387543],[1.395233,51.387873],[1.395948,51.386947]]]}},{"type":"Feature","properties":{"area_id":"E00125157","people":590,"households":245,"cars_owned":192,"baseline_cars":145,"cars_activated":129,"cars_saved":16,"people_seated":484,"people_unmet":106,"unmet_pct":17.97,"mean_occupancy":5.0,"median_walk_m":27.4},"geometry":{"type":"Polygon","coordinates":[[[1.401727,51.388861],[1.403108,51.388703],[1.403082,51.388392],[1.402707,51.388393],[1.40244,51.387064],[1.401222,51.387293],[1.400545,51.387057],[1.400649,51.387441],[1.400002,51.387683],[1.400447,51.390233],[1.400156,51.390633],[1.399592,51.390569],[1.399632,51.390878],[1.401137,51.390816],[1.40106,51.389002],[1.401727,51.388861]]]}},{"type":"Feature","properties":{"area_id":"E00125162","people":131,"households":110,"cars_owned":44,"baseline_cars":42,"cars_activated":29,"cars_saved":13,"people_seated":106,"people_unmet":25,"unmet_pct":19.08,"mean_occupancy":5.0,"median_walk_m":18.2},"geometry":{"type":"Polygon","coordinates":[[[1.399017,51.390915],[1.396201,51.391031],[1.395478,51.391466],[1.395473,51.39147],[1.395311,51.392128],[1.398961,51.392103],[1.399017,51.390915]]]}},{"type":"Feature","properties":{"area_id":"E00125167","people":308,"households":157,"cars_owned":96,"baseline_cars":78,"cars_activated":57,"cars_saved":21,"people_seated":219,"people_unmet":89,"unmet_pct":28.9,"mean_occupancy":4.98,"median_walk_m":30.2},"geometry":{"type":"Polygon","coordinates":[[[1.401242,51.392335],[1.401308,51.391992],[1.398961,51.392103],[1.395311,51.392128],[1.395473,51.39147],[1.395137,51.39106],[1.394328,51.391303],[1.394316,51.390978],[1.393874,51.390973],[1.394286,51.389704],[1.394662,51.389293],[1.394676,51.388999],[1.393678,51.388705],[1.39295,51.388977],[1.393426,51.389168],[1.393432,51.390239],[1.393461,51.391049],[1.392833,51.391427],[1.392866,51.391731],[1.391461,51.39197],[1.389977,51.392131],[1.388613,51.391825],[1.388706,51.39282],[1.389914,51.392795],[1.390207,51.393154],[1.390778,51.393188],[1.391756,51.392556],[1.401242,51.392335]]]}},{"type":"Feature","properties":{"area_id":"E00125173","people":445,"households":190,"cars_owned":148,"baseline_cars":116,"cars_activated":101,"cars_saved":15,"people_seated":402,"people_unmet":43,"unmet_pct":9.66,"mean_occupancy":4.98,"median_walk_m":29.9},"geometry":{"type":"Polygon","coordinates":[[[1.389349,51.389769],[1.389461,51.389437],[1.388961,51.38937],[1.389332,51.388945],[1.388917,51.387968],[1.388556,51.388151],[1.388033,51.387898],[1.386392,51.388554],[1.387617,51.38989],[1.388705,51.389617],[1.389349,51.389769]]]}},{"type":"Feature","properties":{"area_id":"E00125179","people":209,"households":117,"cars_owned":52,"baseline_cars":46,"cars_activated":34,"cars_saved":12,"people_seated":151,"people_unmet":58,"unmet_pct":27.75,"mean_occupancy":5.0,"median_walk_m":22.8},"geometry":{"type":"Polygon","coordinates":[[[1.406233,51.381822],[1.406039,51.381483],[1.405594,51.381675],[1.405292,51.38145],[1.404714,51.3804],[1.404503,51.380827],[1.404824,51.381746],[1.405515,51.382104],[1.406233,51.381822]]]}},{"type":"Feature","properties":{"area_id":"E00125182","people":298,"households":123,"cars_owned":124,"baseline_cars":79,"cars_activated":62,"cars_saved":17,"people_seated":263,"people_unmet":35,"unmet_pct":11.74,"mean_occupancy":5.0,"median_walk_m":51.1},"geometry":{"type":"Polygon","coordinates":[[[1.399275,51.380419],[1.400893,51.378507],[1.401326,51.378674],[1.401777,51.378392],[1.402818,51.377264],[1.404046,51.377211],[1.40395,51.376804],[1.4059,51.376302],[1.40556,51.375602],[1.406045,51.375448],[1.405902,51.375224],[1.404775,51.375372],[1.404399,51.374694],[1.395527,51.377758],[1.395641,51.378227],[1.393415,51.379967],[1.394038,51.380294],[1.395834,51.379784],[1.396171,51.379658],[1.399005,51.380832],[1.399275,51.380419]]]}},{"type":"Feature","properties":{"area_id":"E00125187","people":170,"households":94,"cars_owned":121,"baseline_cars":76,"cars_activated":25,"cars_saved":51,"people_seated":169,"people_unmet":1,"unmet_pct":0.59,"mean_occupancy":4.76,"median_walk_m":85.3},"geometry":{"type":"Polygon","coordinates":[[[1.422494,51.379036],[1.417313,51.376608],[1.416202,51.376689],[1.41288,51.376094],[1.4136,51.376837],[1.415253,51.379207],[1.414371,51.378952],[1.413387,51.379231],[1.413257,51.379572],[1.41377,51.380096],[1.414208,51.379774],[1.41587,51.3802],[1.418094,51.379824],[1.419642,51.38035],[1.422824,51.380404],[1.425156,51.380536],[1.426496,51.380952],[1.422494,51.379036]]]}},{"type":"Feature","properties":{"area_id":"E00125198","people":275,"households":119,"cars_owned":144,"baseline_cars":92,"cars_activated":47,"cars_saved":45,"people_seated":243,"people_unmet":32,"unmet_pct":11.64,"mean_occupancy":4.98,"median_walk_m":36.4},"geometry":{"type":"Polygon","coordinates":[[[1.405534,51.383124],[1.405614,51.38277],[1.404468,51.382078],[1.404824,51.381746],[1.404503,51.380827],[1.40321,51.381011],[1.403456,51.380621],[1.401622,51.380558],[1.40241,51.380753],[1.403338,51.381568],[1.402116,51.382145],[1.403808,51.383141],[1.404161,51.383487],[1.405534,51.383124]]]}},{"type":"Feature","properties":{"area_id":"E00125203","people":208,"households":142,"cars_owned":45,"baseline_cars":42,"cars_activated":40,"cars_saved":2,"people_seated":158,"people_unmet":50,"unmet_pct":24.04,"mean_occupancy":5.0,"median_walk_m":43.7},"geometry":{"type":"Polygon","coordinates":[[[1.421713,51.336358],[1.422137,51.336088],[1.421961,51.335784],[1.421526,51.335842],[1.421196,51.335034],[1.42081,51.335193],[1.41964,51.335816],[1.420139,51.33587],[1.419845,51.336025],[1.420699,51.336779],[1.421088,51.336338],[1.421713,51.336358]]]}},{"type":"Feature","properties":{"area_id":"E00125209","people":234,"households":130,"cars_owned":117,"baseline_cars":87,"cars_activated":48,"cars_saved":39,"people_seated":229,"people_unmet":5,"unmet_pct":2.14,"mean_occupancy":4.96,"median_walk_m":20.1},"geometry":{"type":"Polygon","coordinates":[[[1.425759,51.334974],[1.42547,51.334706],[1.426007,51.334355],[1.424441,51.333819],[1.42361,51.332881],[1.423154,51.333175],[1.423069,51.333982],[1.423323,51.33411],[1.423695,51.333696],[1.424443,51.334203],[1.423798,51.334805],[1.424355,51.335282],[1.425177,51.334888],[1.425467,51.335121],[1.425759,51.334974]]]}},{"type":"Feature","properties":{"area_id":"E00125220","people":263,"households":121,"cars_owned":120,"baseline_cars":88,"cars_activated":26,"cars_saved":62,"people_seated":238,"people_unmet":25,"unmet_pct":9.51,"mean_occupancy":5.0,"median_walk_m":48.2},"geometry":{"type":"Polygon","coordinates":[[[1.415217,51.341071],[1.416322,51.340829],[1.415892,51.340099],[1.4149,51.340248],[1.414181,51.339255],[1.413831,51.33972],[1.414468,51.341252],[1.415217,51.341071]]]}},{"type":"Feature","properties":{"area_id":"E00125225","people":300,"households":152,"cars_owned":142,"baseline_cars":104,"cars_activated":64,"cars_saved":40,"people_seated":271,"people_unmet":29,"unmet_pct":9.67,"mean_occupancy":5.0,"median_walk_m":22.5},"geometry":{"type":"Polygon","coordinates":[[[1.428345,51.337201],[1.428908,51.336911],[1.428097,51.33694],[1.42607,51.335738],[1.425798,51.335973],[1.426366,51.336119],[1.425221,51.336687],[1.425523,51.336927],[1.425972,51.336775],[1.425932,51.337247],[1.426505,51.337687],[1.42693,51.33764],[1.426709,51.338036],[1.428345,51.337201]]]}},{"type":"Feature","properties":{"area_id":"E00125226","people":503,"households":220,"cars_owned":155,"baseline_cars":119,"cars_activated":65,"cars_saved":54,"people_seated":426,"people_unmet":77,"unmet_pct":15.31,"mean_occupancy":4.98,"median_walk_m":49.0},"geometry":{"type":"Polygon","coordinates":[[[1.424312,51.337679],[1.424645,51.337378],[1.424333,51.337186],[1.425221,51.336687],[1.426366,51.336119],[1.425798,51.335973],[1.425203,51.33573],[1.424279,51.3361],[1.424112,51.335883],[1.42353,51.335955],[1.422322,51.33652],[1.422991,51.336786],[1.421992,51.337003],[1.421109,51.33728],[1.42133,51.337632],[1.422336,51.337297],[1.422471,51.337845],[1.423996,51.337466],[1.424312,51.337679]]]}},{"type":"Feature","properties":{"area_id":"E00125234","people":353,"households":138,"cars_owned":196,"baseline_cars":121,"cars_activated":72,"cars_saved":49,"people_seated":334,"people_unmet":19,"unmet_pct":5.38,"mean_occupancy":4.99,"median_walk_m":29.4},"geometry":{"type":"Polygon","coordinates":[[[1.359731,51.378763],[1.358894,51.378021],[1.358879,51.37798],[1.358773,51.377619],[1.358076,51.377397],[1.358674,51.376786],[1.358214,51.376795],[1.357858,51.376211],[1.356826,51.376157],[1.355951,51.375545],[1.355412,51.376169],[1.356798,51.376685],[1.35578,51.377183],[1.355941,51.377695],[1.357609,51.37769],[1.357646,51.378249],[1.358286,51.378317],[1.358348,51.379314],[1.35897,51.379252],[1.358967,51.378974],[1.359454,51.379166],[1.359731,51.378763]]]}},{"type":"Feature","properties":{"area_id":"E00125241","people":349,"households":133,"cars_owned":211,"baseline_cars":116,"cars_activated":59,"cars_saved":57,"people_seated":342,"people_unmet":7,"unmet_pct":2.01,"mean_occupancy":4.98,"median_walk_m":29.7},"geometry":{"type":"Polygon","coordinates":[[[1.359731,51.378763],[1.359454,51.379166],[1.358967,51.378974],[1.35897,51.379252],[1.358348,51.379314],[1.358286,51.378317],[1.357646,51.378249],[1.357644,51.378252],[1.357882,51.379319],[1.357206,51.3795],[1.35685,51.378872],[1.356484,51.378893],[1.356319,51.380103],[1.359185,51.380977],[1.359088,51.380441],[1.360831,51.380192],[1.360869,51.378993],[1.359731,51.378763]]]}},{"type":"Feature","properties":{"area_id":"E00125253","people":194,"households":129,"cars_owned":28,"baseline_cars":28,"cars_activated":26,"cars_saved":2,"people_seated":125,"people_unmet":69,"unmet_pct":35.57,"mean_occupancy":5.0,"median_walk_m":59.6},"geometry":{"type":"Polygon","coordinates":[[[1.383854,51.383946],[1.383059,51.383581],[1.381905,51.385429],[1.383289,51.385501],[1.383869,51.385538],[1.383397,51.384648],[1.384144,51.384556],[1.383854,51.383946]]]}},{"type":"Feature","properties":{"area_id":"E00125259","people":256,"households":117,"cars_owned":106,"baseline_cars":82,"cars_activated":17,"cars_saved":65,"people_seated":242,"people_unmet":14,"unmet_pct":5.47,"mean_occupancy":4.88,"median_walk_m":48.1},"geometry":{"type":"Polygon","coordinates":[[[1.38931,51.382681],[1.388197,51.383038],[1.389189,51.384041],[1.391432,51.383403],[1.390156,51.383116],[1.389849,51.382603],[1.38931,51.382681]]]}},{"type":"Feature","properties":{"area_id":"E00125263","people":425,"households":207,"cars_owned":82,"baseline_cars":71,"cars_activated":69,"cars_saved":2,"people_seated":332,"people_unmet":93,"unmet_pct":21.88,"mean_occupancy":5.0,"median_walk_m":54.6},"geometry":{"type":"Polygon","coordinates":[[[1.38302,51.389038],[1.382588,51.387855],[1.381607,51.38782],[1.381035,51.387459],[1.38069,51.387613],[1.380268,51.388245],[1.379445,51.388297],[1.379664,51.388955],[1.37996,51.38946],[1.381587,51.390276],[1.38302,51.389038]]]}},{"type":"Feature","properties":{"area_id":"E00125269","people":294,"households":165,"cars_owned":93,"baseline_cars":72,"cars_activated":39,"cars_saved":33,"people_seated":240,"people_unmet":54,"unmet_pct":18.37,"mean_occupancy":4.9,"median_walk_m":31.8},"geometry":{"type":"Polygon","coordinates":[[[1.387252,51.391642],[1.384305,51.391835],[1.383636,51.391604],[1.383221,51.392005],[1.382262,51.391624],[1.381494,51.390953],[1.381587,51.390276],[1.37996,51.38946],[1.379664,51.388955],[1.379445,51.388297],[1.380268,51.388245],[1.38069,51.387613],[1.379861,51.387418],[1.379293,51.388012],[1.37832,51.386907],[1.379019,51.387031],[1.379204,51.386741],[1.377312,51.38515],[1.377023,51.384143],[1.374529,51.384899],[1.374238,51.386503],[1.374313,51.387511],[1.376917,51.387843],[1.379302,51.388661],[1.379489,51.389498],[1.381129,51.390242],[1.381343,51.390659],[1.380949,51.391189],[1.379629,51.391317],[1.378281,51.390667],[1.377967,51.390722],[1.378609,51.391231],[1.379466,51.391456],[1.380997,51.391335],[1.384447,51.392598],[1.386648,51.392713],[1.386772,51.392511],[1.387509,51.39205],[1.388163,51.392059],[1.388156,51.391804],[1.387252,51.391642]]]}},{"type":"Feature","properties":{"area_id":"E00125274","people":417,"households":181,"cars_owned":185,"baseline_cars":136,"cars_activated":63,"cars_saved":73,"people_seated":404,"people_unmet":13,"unmet_pct":3.12,"mean_occupancy":4.98,"median_walk_m":43.1},"geometry":{"type":"Polygon","coordinates":[[[1.404984,51.335961],[1.404534,51.335958],[1.404319,51.335563],[1.404696,51.334543],[1.403963,51.334483],[1.403864,51.334888],[1.402997,51.335153],[1.402038,51.33504],[1.401549,51.335345],[1.40174,51.33577],[1.402948,51.335565],[1.402607,51.335855],[1.403488,51.335943],[1.40325,51.336271],[1.403896,51.336624],[1.403611,51.337282],[1.402443,51.336954],[1.401732,51.336975],[1.401848,51.337188],[1.402777,51.337664],[1.405504,51.337948],[1.405569,51.336974],[1.404984,51.335961]]]}},{"type":"Feature","properties":{"area_id":"E00125282","people":269,"households":116,"cars_owned":150,"baseline_cars":98,"cars_activated":29,"cars_saved":69,"people_seated":267,"people_unmet":2,"unmet_pct":0.74,"mean_occupancy":4.97,"median_walk_m":58.4},"geometry":{"type":"Polygon","coordinates":[[[1.387937,51.335725],[1.389563,51.335508],[1.389485,51.335333],[1.38937,51.335101],[1.38735,51.33541],[1.383576,51.336136],[1.380412,51.336217],[1.380468,51.337051],[1.386368,51.338352],[1.386152,51.337744],[1.384731,51.336943],[1.385683,51.336709],[1.386241,51.336873],[1.38586,51.336093],[1.386278,51.33603],[1.387072,51.337701],[1.38764,51.337977],[1.388049,51.337842],[1.387096,51.33587],[1.387937,51.335725]]]}},{"type":"Feature","properties":{"area_id":"E00125287","people":349,"households":126,"cars_owned":143,"baseline_cars":93,"cars_activated":53,"cars_saved":40,"people_seated":316,"people_unmet":33,"unmet_pct":9.46,"mean_occupancy":4.98,"median_walk_m":36.6},"geometry":{"type":"Polygon","coordinates":[[[1.4014,51.340274],[1.399276,51.340052],[1.398766,51.340975],[1.400261,51.341466],[1.399193,51.342509],[1.398414,51.342492],[1.39852,51.343282],[1.398995,51.343384],[1.4014,51.340274]]]}},{"type":"Feature","properties":{"area_id":"E00125291","people":309,"households":152,"cars_owned":96,"baseline_cars":80,"cars_activated":65,"cars_saved":15,"people_seated":252,"people_unmet":57,"unmet_pct":18.45,"mean_occupancy":5.0,"median_walk_m":27.2},"geometry":{"type":"Polygon","coordinates":[[[1.399896,51.348963],[1.399843,51.348886],[1.398941,51.346877],[1.39655,51.347617],[1.395566,51.347117],[1.394993,51.347328],[1.394952,51.347336],[1.394891,51.347905],[1.395346,51.347897],[1.395025,51.348372],[1.395594,51.348462],[1.396285,51.348558],[1.396171,51.348228],[1.397781,51.347663],[1.397768,51.34824],[1.398857,51.348378],[1.399032,51.349122],[1.399896,51.348963]]]}},{"type":"Feature","properties":{"area_id":"E00125308","people":247,"households":109,"cars_owned":80,"baseline_cars":63,"cars_activated":30,"cars_saved":33,"people_seated":218,"people_unmet":29,"unmet_pct":11.74,"mean_occupancy":4.9,"median_walk_m":61.0},"geometry":{"type":"Polygon","coordinates":[[[1.402737,51.350328],[1.402195,51.349752],[1.402654,51.349571],[1.403232,51.349794],[1.40337,51.349529],[1.401846,51.348792],[1.401823,51.34845],[1.4029,51.347415],[1.403177,51.347829],[1.403689,51.347795],[1.404061,51.34708],[1.403668,51.346746],[1.403478,51.346627],[1.403206,51.346947],[1.401707,51.347049],[1.401353,51.348229],[1.399843,51.348886],[1.399896,51.348963],[1.400361,51.349654],[1.401292,51.34972],[1.401332,51.350278],[1.402005,51.3501],[1.402384,51.350423],[1.402737,51.350328]]]}},{"type":"Feature","properties":{"area_id":"E00125310","people":294,"households":138,"cars_owned":148,"baseline_cars":97,"cars_activated":51,"cars_saved":46,"people_seated":290,"people_unmet":4,"unmet_pct":1.36,"mean_occupancy":5.0,"median_walk_m":54.6},"geometry":{"type":"Polygon","coordinates":[[[1.412582,51.351418],[1.411871,51.35017],[1.412232,51.349224],[1.411252,51.347851],[1.410029,51.349445],[1.409276,51.349366],[1.407751,51.348569],[1.408244,51.348144],[1.408569,51.346729],[1.407928,51.346795],[1.408338,51.345987],[1.407887,51.345852],[1.4076,51.346238],[1.406008,51.348209],[1.406465,51.348357],[1.406428,51.348852],[1.406837,51.348621],[1.407382,51.348807],[1.406874,51.349191],[1.407294,51.349485],[1.408219,51.349904],[1.409992,51.350738],[1.409626,51.350966],[1.410744,51.352105],[1.412582,51.351418]]]}},{"type":"Feature","properties":{"area_id":"E00125315","people":252,"households":122,"cars_owned":121,"baseline_cars":93,"cars_activated":48,"cars_saved":45,"people_seated":251,"people_unmet":1,"unmet_pct":0.4,"mean_occupancy":4.85,"median_walk_m":59.1},"geometry":{"type":"Polygon","coordinates":[[[1.401612,51.345873],[1.401152,51.345571],[1.401964,51.344436],[1.39956,51.344068],[1.399193,51.345028],[1.398703,51.344977],[1.398624,51.345571],[1.398668,51.345825],[1.39906,51.345774],[1.399621,51.34669],[1.400854,51.346715],[1.401137,51.34587],[1.401612,51.345873]]]}},{"type":"Feature","properties":{"area_id":"E00125333","people":241,"households":130,"cars_owned":159,"baseline_cars":103,"cars_activated":67,"cars_saved":36,"people_seated":234,"people_unmet":7,"unmet_pct":2.9,"mean_occupancy":5.0,"median_walk_m":37.1},"geometry":{"type":"Polygon","coordinates":[[[1.415636,51.370808],[1.414957,51.369084],[1.415845,51.366927],[1.418225,51.365114],[1.419211,51.365047],[1.419044,51.364749],[1.420294,51.364288],[1.41952,51.36389],[1.418793,51.364105],[1.418184,51.363363],[1.417342,51.364027],[1.416644,51.363575],[1.415565,51.363596],[1.414081,51.364822],[1.408427,51.368207],[1.414855,51.371078],[1.415636,51.370808]]]}},{"type":"Feature","properties":{"area_id":"E00125339","people":244,"households":107,"cars_owned":121,"baseline_cars":83,"cars_activated":37,"cars_saved":46,"people_seated":236,"people_unmet":8,"unmet_pct":3.28,"mean_occupancy":4.89,"median_walk_m":47.8},"geometry":{"type":"Polygon","coordinates":[[[1.432168,51.362838],[1.433592,51.360229],[1.432664,51.36034],[1.432043,51.360439],[1.431693,51.361431],[1.429956,51.361408],[1.42859,51.362479],[1.428937,51.363017],[1.430792,51.362638],[1.431013,51.362917],[1.432088,51.362938],[1.432168,51.362838]]]}},{"type":"Feature","properties":{"area_id":"E00125351","people":337,"households":133,"cars_owned":162,"baseline_cars":112,"cars_activated":69,"cars_saved":43,"people_seated":328,"people_unmet":9,"unmet_pct":2.67,"mean_occupancy":4.94,"median_walk_m":63.1},"geometry":{"type":"Polygon","coordinates":[[[1.385064,51.37386],[1.384753,51.373571],[1.387068,51.371631],[1.388232,51.371759],[1.388259,51.371535],[1.388706,51.371781],[1.389615,51.371116],[1.390036,51.371349],[1.391681,51.370276],[1.39256,51.369074],[1.393166,51.368201],[1.389125,51.367222],[1.389625,51.366468],[1.392486,51.364746],[1.392067,51.364531],[1.392505,51.363359],[1.391699,51.363227],[1.390523,51.364517],[1.389663,51.364551],[1.388822,51.365693],[1.388192,51.365263],[1.384319,51.367452],[1.384728,51.368956],[1.381475,51.369927],[1.379867,51.37046],[1.380769,51.371273],[1.380335,51.373123],[1.38183,51.373957],[1.383932,51.374418],[1.384423,51.374596],[1.385064,51.37386]]]}},{"type":"Feature","properties":{"area_id":"E00125362","people":262,"households":113,"cars_owned":133,"baseline_cars":90,"cars_activated":60,"cars_saved":30,"people_seated":258,"people_unmet":4,"unmet_pct":1.53,"mean_occupancy":4.95,"median_walk_m":23.6},"geometry":{"type":"Polygon","coordinates":[[[1.382039,51.377889],[1.381769,51.377694],[1.382177,51.377234],[1.383375,51.377829],[1.384148,51.377447],[1.384369,51.377158],[1.384048,51.37702],[1.383707,51.377257],[1.383132,51.376944],[1.383944,51.376364],[1.383163,51.375815],[1.38154,51.377441],[1.381041,51.377944],[1.382039,51.377889]]]}},{"type":"Feature","properties":{"area_id":"E00125367","people":263,"households":111,"cars_owned":90,"baseline_cars":60,"cars_activated":38,"cars_saved":22,"people_seated":262,"people_unmet":1,"unmet_pct":0.38,"mean_occupancy":4.97,"median_walk_m":38.7},"geometry":{"type":"Polygon","coordinates":[[[1.427379,51.346695],[1.427773,51.346111],[1.427699,51.346092],[1.42603,51.345777],[1.424159,51.34585],[1.422438,51.346108],[1.422561,51.346851],[1.427379,51.346695]]]}},{"type":"Feature","properties":{"area_id":"E00125372","people":293,"households":132,"cars_owned":166,"baseline_cars":113,"cars_activated":47,"cars_saved":66,"people_seated":273,"people_unmet":20,"unmet_pct":6.83,"mean_occupancy":4.96,"median_walk_m":46.1},"geometry":{"type":"Polygon","coordinates":[[[1.42921,51.343302],[1.428372,51.342432],[1.429394,51.34195],[1.428915,51.341407],[1.428439,51.340525],[1.427148,51.340935],[1.426577,51.341013],[1.426333,51.341559],[1.42697,51.342887],[1.427174,51.342727],[1.42826,51.343621],[1.42921,51.343302]]]}},{"type":"Feature","properties":{"area_id":"E00125377","people":287,"households":131,"cars_owned":150,"baseline_cars":103,"cars_activated":50,"cars_saved":53,"people_seated":279,"people_unmet":8,"unmet_pct":2.79,"mean_occupancy":4.88,"median_walk_m":19.1},"geometry":{"type":"Polygon","coordinates":[[[1.428877,51.338911],[1.428256,51.338515],[1.428638,51.338251],[1.42781,51.337833],[1.428565,51.337469],[1.428345,51.337201],[1.426709,51.338036],[1.42583,51.338487],[1.425473,51.338677],[1.426033,51.338668],[1.42695,51.339614],[1.429252,51.339837],[1.428229,51.339198],[1.428877,51.338911]]]}},{"type":"Feature","properties":{"area_id":"E00125408","people":290,"households":133,"cars_owned":173,"baseline_cars":109,"cars_activated":56,"cars_saved":53,"people_seated":276,"people_unmet":14,"unmet_pct":4.83,"mean_occupancy":4.91,"median_walk_m":56.7},"geometry":{"type":"Polygon","coordinates":[[[1.429523,51.357486],[1.429526,51.357166],[1.430794,51.356454],[1.42957,51.354373],[1.428978,51.35442],[1.42741,51.354602],[1.426318,51.355733],[1.424762,51.355354],[1.423926,51.355556],[1.424445,51.356608],[1.425224,51.358397],[1.428895,51.358119],[1.429523,51.357486]]]}},{"type":"Feature","properties":{"area_id":"E00125412","people":312,"households":124,"cars_owned":173,"baseline_cars":103,"cars_activated":58,"cars_saved":45,"people_seated":299,"people_unmet":13,"unmet_pct":4.17,"mean_occupancy":5.0,"median_walk_m":51.2},"geometry":{"type":"Polygon","coordinates":[[[1.428918,51.353348],[1.429039,51.35293],[1.429893,51.352729],[1.430091,51.351865],[1.430977,51.352235],[1.431527,51.353016],[1.432813,51.353139],[1.432416,51.351759],[1.431305,51.351542],[1.430123,51.350642],[1.428598,51.350694],[1.42842,51.351723],[1.427542,51.351635],[1.426581,51.351639],[1.426417,51.352139],[1.42723,51.352184],[1.426826,51.352659],[1.428257,51.352681],[1.428172,51.353381],[1.428918,51.353348]]]}},{"type":"Feature","properties":{"area_id":"E00125417","people":274,"households":125,"cars_owned":146,"baseline_cars":96,"cars_activated":48,"cars_saved":48,"people_seated":273,"people_unmet":1,"unmet_pct":0.36,"mean_occupancy":4.92,"median_walk_m":56.1},"geometry":{"type":"Polygon","coordinates":[[[1.430123,51.350642],[1.43076,51.350107],[1.429871,51.349062],[1.4304,51.349054],[1.430884,51.348363],[1.431328,51.348371],[1.430313,51.347227],[1.42946,51.347899],[1.427776,51.346976],[1.426946,51.347749],[1.427797,51.348147],[1.427665,51.349488],[1.428895,51.350316],[1.428598,51.350694],[1.430123,51.350642]]]}},{"type":"Feature","properties":{"area_id":"E00125423","people":255,"households":120,"cars_owned":125,"baseline_cars":87,"cars_activated":42,"cars_saved":45,"people_seated":247,"people_unmet":8,"unmet_pct":3.14,"mean_occupancy":4.95,"median_walk_m":52.0},"geometry":{"type":"Polygon","coordinates":[[[1.440258,51.358811],[1.440125,51.357627],[1.438992,51.357062],[1.43861,51.357223],[1.438159,51.356936],[1.434998,51.358175],[1.435244,51.358731],[1.43754,51.358626],[1.437835,51.359401],[1.440258,51.358811]]]}},{"type":"Feature","properties":{"area_id":"E00125429","people":363,"households":140,"cars_owned":198,"baseline_cars":119,"cars_activated":94,"cars_saved":25,"people_seated":347,"people_unmet":16,"unmet_pct":4.41,"mean_occupancy":4.98,"median_walk_m":31.2},"geometry":{"type":"Polygon","coordinates":[[[1.365283,51.383999],[1.365627,51.38399],[1.364405,51.383036],[1.359496,51.382198],[1.359241,51.383401],[1.359807,51.383489],[1.359683,51.384852],[1.359654,51.385259],[1.362255,51.385238],[1.362347,51.384345],[1.360342,51.384447],[1.360399,51.38408],[1.36114,51.38391],[1.361395,51.383219],[1.361885,51.383576],[1.363147,51.383678],[1.363585,51.384286],[1.364758,51.384379],[1.364908,51.383983],[1.365283,51.383999]]]}},{"type":"Feature","properties":{"area_id":"E00125316","people":282,"households":115,"cars_owned":147,"baseline_cars":97,"cars_activated":48,"cars_saved":49,"people_seated":282,"people_unmet":0,"unmet_pct":0.0,"mean_occupancy":4.83,"median_walk_m":41.7},"geometry":{"type":"Polygon","coordinates":[[[1.404718,51.344066],[1.404948,51.343833],[1.403955,51.343894],[1.40381,51.343461],[1.402707,51.343021],[1.4022,51.34354],[1.402588,51.344196],[1.401964,51.344436],[1.401152,51.345571],[1.401612,51.345873],[1.402437,51.346264],[1.403176,51.346245],[1.404718,51.344066]]]}}]}